case_id,case_index,current_A,egr_fraction_cmd,V_cell_sim,P_stack_sim_W,pO2_stack_kPa,p_stack_internal_kPa,T_stack_C,Q_net_stack_W,Q_gen_W,Q_cool_W,Q_amb_W,Q_gas_W,lambda_O2_actual,m_bench_air_in_kg_s,m_egr_return_kg_s,m_bench_out_kg_s,m_separator_gas_kg_s,alpha_EGR_actual,dq60_speed_rpm,dq60_flow_lpm,dq60_dp_kPa,dq60_pressure_ratio,dq60_power_W,dq60_map_flow_clamped,p_dq60_in_kPa,T_dq60_in_C,p_dq60_out_kPa,T_dq60_out_C,T_ca_in_C,p_ca_in_kPa,xO2_ca_in,pO2_ca_in_kPa,RH_ca_in,T_separator_C,liquid_drain_separator_kg_s,coolant_flow_L_min,coolant_inlet_temp_C,coolant_outlet_temp_C,Q_cool_bench_signed_W,h_cool_effective_W_K,V_cell_bench,V_cell_error,condition_target,pO2_ca_in_noEGR_kPa,pO2_ca_in_ratio_target,pO2_ca_in_target_kPa,pO2_ca_in_ratio_actual,pO2_ca_in_ratio_error,lookup_quality,study_type,oxygen_ok,thermal_ok,humidity_ok,pressure_order_ok,dq60_map_ok,normal_operation_ok,risk_label
bench_038A,1,38,0.2,0.795596288446158,483.722543375264,17.2285284940552,136.163539122847,61.7076161800807,-178.747976776987,278.709456624736,124.913894117046,330.372120580262,2.17141870441499,3.02627297497176,0.001071035,0.000140026212495292,0.000560104849981167,0.000140026212495292,0.2,3000,57.354070450416,29,1.25817939016247,39.1857863726291,1,112.325,59.6593311259867,141.325,96.0641472259006,58.9,141.325,0.17853431785697,25.2313624711363,0.837292245743299,64.7076161800807,0,5.5,61.6,60.6,-383.166666666667,1160.73525396818,0.8017,-0.00610371155384148,pO2_ca_in_ratio,26.4313536258226,0.95,25.1097859445314,0.95459970867652,0.00459970867651982,good,constant_pO2_ratio_lookup,1,1,1,1,0,1,dq60_map_extrapolation
bench_038A,1,38,0.4,0.794991585509108,483.354883989538,15.8318495755015,136.073837852399,61.7078864809298,-178.726509944114,279.077116010462,125.226432870887,330.374552858567,2.20264022512222,2.89199225556441,0.001071035,0.000284252135144871,0.000426378202717306,0.000284252135144871,0.4,3000,57.6949239624492,29,1.25817939016247,39.2778819283722,1,112.325,60.4415091334676,141.325,96.9318848732613,58.9,141.325,0.167098953908386,23.6152596611026,0.87683549712039,64.7078864809298,0,5.5,61.6,60.6,-383.166666666667,1160.72404801414,0.8017,-0.00670841449089177,pO2_ca_in_ratio,26.4313536258226,0.9,23.7882182632403,0.893456309329207,-0.00654369067079286,good,constant_pO2_ratio_lookup,1,1,1,1,0,1,dq60_map_extrapolation
bench_038A,1,38,0.5,0.794546641511257,483.084358038844,14.8788811756857,136.025453113402,61.7080910738661,-178.711280750974,279.347641961156,125.462998644044,330.37639389041,2.21953017767554,2.79370833094453,0.001071035,0.00035814683329336,0.00035814683329336,0.00035814683329336,0.5,3000,57.8855481857766,29,1.25817939016247,39.3250734122468,1,112.325,60.8423117620992,141.325,97.3765298603336,58.9,141.325,0.159611105411227,22.5570394722417,0.897571078599509,64.7080910738661,0,5.5,61.6,60.6,-383.166666666667,1160.71562763289,0.8017,-0.00715335848874332,pO2_ca_in_ratio,26.4313536258226,0.85,22.4666505819492,0.853419760167114,0.00341976016711421,good,constant_pO2_ratio_lookup,1,1,1,1,0,1,dq60_map_extrapolation
bench_038A,1,38,0.5,0.794546641511257,483.084358038844,14.8788811756857,136.025453113402,61.7080910738661,-178.711280750974,279.347641961156,125.462998644044,330.37639389041,2.21953017767554,2.79370833094453,0.001071035,0.00035814683329336,0.00035814683329336,0.00035814683329336,0.5,3000,57.8855481857766,29,1.25817939016247,39.3250734122468,1,112.325,60.8423117620992,141.325,97.3765298603336,58.9,141.325,0.159611105411227,22.5570394722417,0.897571078599509,64.7080910738661,0,5.5,61.6,60.6,-383.166666666667,1160.71562763289,0.8017,-0.00715335848874332,pO2_ca_in_ratio,26.4313536258226,0.8,21.1450829006581,0.853419760167114,0.0534197601671141,coarse_grid,constant_pO2_ratio_lookup,1,1,1,1,0,1,dq60_map_extrapolation
bench_038A,1,38,0.5,0.794546641511257,483.084358038844,14.8788811756857,136.025453113402,61.7080910738661,-178.711280750974,279.347641961156,125.462998644044,330.37639389041,2.21953017767554,2.79370833094453,0.001071035,0.00035814683329336,0.00035814683329336,0.00035814683329336,0.5,3000,57.8855481857766,29,1.25817939016247,39.3250734122468,1,112.325,60.8423117620992,141.325,97.3765298603336,58.9,141.325,0.159611105411227,22.5570394722417,0.897571078599509,64.7080910738661,0,5.5,61.6,60.6,-383.166666666667,1160.71562763289,0.8017,-0.00715335848874332,pO2_ca_in_ratio,26.4313536258226,0.75,19.8235152193669,0.853419760167114,0.103419760167114,coarse_grid,constant_pO2_ratio_lookup,1,1,1,1,0,1,dq60_map_extrapolation
bench_038A,1,38,0.5,0.794546641511257,483.084358038844,14.8788811756857,136.025453113402,61.7080910738661,-178.711280750974,279.347641961156,125.462998644044,330.37639389041,2.21953017767554,2.79370833094453,0.001071035,0.00035814683329336,0.00035814683329336,0.00035814683329336,0.5,3000,57.8855481857766,29,1.25817939016247,39.3250734122468,1,112.325,60.8423117620992,141.325,97.3765298603336,58.9,141.325,0.159611105411227,22.5570394722417,0.897571078599509,64.7080910738661,0,5.5,61.6,60.6,-383.166666666667,1160.71562763289,0.8017,-0.00715335848874332,pO2_ca_in_ratio,26.4313536258226,0.7,18.5019475380758,0.853419760167114,0.153419760167114,coarse_grid,constant_pO2_ratio_lookup,1,1,1,1,0,1,dq60_map_extrapolation
bench_076A,2,76,0.15,0.773238823284731,940.258409114233,16.6886750953222,148.756395460678,63.4752651022406,-82.8435594335069,584.605590885767,318.547817049009,346.279042791354,2.62229047891141,2.34541909763437,0.00154729,0.00015911472509869,0.000901650108892577,0.00015911472509869,0.15,3000,72.9139804978915,29,1.22794262134015,50.7527113807737,1,127.225,61.7424969696568,156.225,94.3803414132505,61.2,156.225,0.183543496968443,28.6740828138951,0.651156045466408,66.4752651022406,0,6,63.2,64.6,585.199999999996,1157.24010946581,0.7726,0.000638823284730972,pO2_ca_in_ratio,30.0794278903335,0.95,28.5754564958168,0.953278862830697,0.00327886283069734,good,constant_pO2_ratio_lookup,1,1,1,1,0,1,dq60_map_extrapolation
bench_076A,2,76,0.3,0.772602731847508,939.48492192657,15.313837894258,148.598214806225,63.4758565349262,-82.8068562630148,585.37907807343,319.23169491107,346.284364951461,2.66987447391387,2.25826173294984,0.00154729,0.0003241047033843,0.0007562443078967,0.0003241047033843,0.3,3000,73.3482098933794,29,1.22794262134015,50.837980958919,1,127.225,62.3051495090722,156.225,94.9978287615177,61.2,156.225,0.172322113489527,26.9210221799013,0.705799953135423,66.4758565349262,0,6,63.2,64.6,585.199999999996,1157.23810928197,0.7726,2.73184750843036e-06,pO2_ca_in_ratio,30.0794278903335,0.9,27.0714851013001,0.894997813058566,-0.00500218694143439,good,constant_pO2_ratio_lookup,1,1,1,1,0,1,dq60_map_extrapolation
bench_076A,2,76,0.4,0.771999266114605,938.75110759536,14.1085705946819,148.481921825075,63.4764262618507,-82.7721089700809,586.11289240464,319.890475810432,346.289491798836,2.70503376545319,2.17550897960152,0.00154729,0.000437899164629433,0.00065684874694415,0.000437899164629433,0.4,3000,73.6705902033581,29,1.22794262134015,50.8968099342828,1,127.225,62.693333350246,156.225,95.4238440976889,61.2,156.225,0.162987035135246,25.4626495640039,0.744536872365617,66.4764262618507,0,6,63.2,64.6,585.199999999996,1157.23619625969,0.7726,-0.000600733885395055,pO2_ca_in_ratio,30.0794278903335,0.85,25.5675137067835,0.846513758733646,-0.00348624126635411,good,constant_pO2_ratio_lookup,1,1,1,1,0,1,dq60_map_extrapolation
bench_076A,2,76,0.5,0.771139855695873,937.706064526182,12.5484531599034,148.355116125581,63.4772474752098,-82.72263309352,587.157935473818,320.840054537078,346.29688172955,2.74363230071031,2.06158155512325,0.00154729,0.000555224573050854,0.000555224573050854,0.000555224573050854,0.5,3000,74.0296994184087,29,1.22794262134015,50.9574903513035,1,127.225,63.0937339558561,156.225,95.8632668157657,61.2,156.225,0.151406171089869,23.6534290785148,0.785459831708423,66.4772474752098,0,6,63.2,64.6,585.199999999996,1157.2334582823,0.7726,-0.001460144304127,pO2_ca_in_ratio,30.0794278903335,0.8,24.0635423122668,0.786365657111324,-0.0136343428886758,good,constant_pO2_ratio_lookup,1,1,1,1,0,1,dq60_map_extrapolation
bench_076A,2,76,0.5,0.771139855695873,937.706064526182,12.5484531599034,148.355116125581,63.4772474752098,-82.72263309352,587.157935473818,320.840054537078,346.29688172955,2.74363230071031,2.06158155512325,0.00154729,0.000555224573050854,0.000555224573050854,0.000555224573050854,0.5,3000,74.0296994184087,29,1.22794262134015,50.9574903513035,1,127.225,63.0937339558561,156.225,95.8632668157657,61.2,156.225,0.151406171089869,23.6534290785148,0.785459831708423,66.4772474752098,0,6,63.2,64.6,585.199999999996,1157.2334582823,0.7726,-0.001460144304127,pO2_ca_in_ratio,30.0794278903335,0.75,22.5595709177501,0.786365657111324,0.0363656571113242,coarse_grid,constant_pO2_ratio_lookup,1,1,1,1,0,1,dq60_map_extrapolation
bench_076A,2,76,0.5,0.771139855695873,937.706064526182,12.5484531599034,148.355116125581,63.4772474752098,-82.72263309352,587.157935473818,320.840054537078,346.29688172955,2.74363230071031,2.06158155512325,0.00154729,0.000555224573050854,0.000555224573050854,0.000555224573050854,0.5,3000,74.0296994184087,29,1.22794262134015,50.9574903513035,1,127.225,63.0937339558561,156.225,95.8632668157657,61.2,156.225,0.151406171089869,23.6534290785148,0.785459831708423,66.4772474752098,0,6,63.2,64.6,585.199999999996,1157.2334582823,0.7726,-0.001460144304127,pO2_ca_in_ratio,30.0794278903335,0.7,21.0555995232334,0.786365657111324,0.0863656571113243,coarse_grid,constant_pO2_ratio_lookup,1,1,1,1,0,1,dq60_map_extrapolation
bench_114A,3,114,0.15,0.75691986706506,1380.62183752667,15.4890245589683,150.406965391548,64.8760346868246,-6.73763483186739,906.674162473331,550.535562712235,358.884446934118,3.99178765884492,2.09473824383133,0.00194381,0.00021424260265511,0.00121404141504562,0.00021424260265511,0.15,3000,88.0061515983024,28.1993848401698,1.21191491921551,59.7749518301897,0,133.069370219716,62.9145802545664,161.268755059886,93.5130255810845,62.3,161.268755059886,0.18136932040747,29.2492045081702,0.661280540853548,67.8760346868246,0,6,64.4,66.3,794.199999999996,1156.50304053378,0.7504,0.0065198670650598,pO2_ca_in_ratio,31.0111539834983,0.95,29.4605962843233,0.943183363112974,-0.00681663688702627,good,constant_pO2_ratio_lookup,1,1,1,1,1,1,ok
bench_114A,3,114,0.25,0.756349586692667,1379.58164612742,14.3632401391238,150.214857110991,64.876848296066,-6.69235210071163,907.714353872576,551.476358306339,358.891768511636,4.03857915531218,2.02780856804481,0.00194381,0.000361270197265803,0.00108381059179741,0.000361270197265803,0.25,3000,88.4195412484113,28.1580458751589,1.21160426196251,59.7679570958631,0,133.069370219716,63.3364975095046,161.227416094875,93.9313622727714,62.3,161.227416094875,0.172577361858621,27.8242021289357,0.704973897424977,67.876848296066,0,6,64.4,66.3,794.199999999996,1156.50273442513,0.7504,0.00594958669266699,pO2_ca_in_ratio,31.0111539834983,0.9,27.9100385851484,0.897232077972385,-0.00276792202761533,good,constant_pO2_ratio_lookup,1,1,1,1,1,1,ok
bench_114A,3,114,0.35,0.755573042404081,1378.16522934504,12.9497099739841,150.004754490083,64.8779661071486,-6.63003761522541,909.130770654956,552.768909419358,358.90182756509,4.09007128573293,1.93928251015048,0.00194381,0.00051219814222283,0.00095122512127097,0.00051219814222283,0.35,3000,88.8739149951474,28.1126085004853,1.21126280566345,59.7546164704562,0,133.069370219716,63.7698098668868,161.181978720201,94.3578456426825,62.3,161.181978720201,0.161988834877063,26.1096809360649,0.751363700271919,67.8779661071486,0,6,64.4,66.3,794.199999999996,1156.50231502185,0.7504,0.00517304240408123,pO2_ca_in_ratio,31.0111539834983,0.85,26.3594808859735,0.841944835395629,-0.00805516460437106,good,constant_pO2_ratio_lookup,1,1,1,1,1,1,ok
bench_114A,3,114,0.4,0.755064480098901,1377.2376117004,12.0955762397597,149.891760269083,64.8787029211634,-6.58889324212482,910.058388299604,553.620904528997,358.908458068335,4.11791894439632,1.88374103483255,0.00194381,0.000589303545470357,0.000883955318205536,0.000589303545470357,0.4,3000,89.1206143704383,28.0879385629562,1.21107741410799,59.744826691023,0,133.069370219716,63.9912958063782,161.157308782672,94.574320251816,62.3,161.157308782672,0.155785977071057,25.1060488108506,0.775713911191161,67.8787029211634,0,6,64.4,66.3,794.199999999996,1156.50203926794,0.7504,0.0046644800989013,pO2_ca_in_ratio,31.0111539834983,0.8,24.8089231867986,0.809581250159544,0.00958125015954348,good,constant_pO2_ratio_lookup,1,1,1,1,1,1,ok
bench_114A,3,114,0.5,0.753628679953735,1374.61871223561,9.96521690042039,149.646709138722,64.8807973839624,-6.47162037361198,912.677287764388,556.042779558042,358.927305888069,4.17882269188822,1.73970036330837,0.00194381,0.000747231108846693,0.000747231108846693,0.000747231108846693,0.5,3000,89.665781821991,28.0334218178009,1.21066772745309,59.7166842891402,0,133.069370219716,64.4453515404864,161.102792037517,95.0139700563668,62.3,161.102792037517,0.140810079770612,22.6848969980711,0.827086352399323,67.8807973839624,0,6,64.4,66.3,794.199999999996,1156.50125833778,0.7504,0.00322867995373477,pO2_ca_in_ratio,31.0111539834983,0.75,23.2583654876237,0.731507670115799,-0.0184923298842015,review,constant_pO2_ratio_lookup,1,1,1,1,1,1,ok
bench_114A,3,114,0.5,0.753628679953735,1374.61871223561,9.96521690042039,149.646709138722,64.8807973839624,-6.47162037361198,912.677287764388,556.042779558042,358.927305888069,4.17882269188822,1.73970036330837,0.00194381,0.000747231108846693,0.000747231108846693,0.000747231108846693,0.5,3000,89.665781821991,28.0334218178009,1.21066772745309,59.7166842891402,0,133.069370219716,64.4453515404864,161.102792037517,95.0139700563668,62.3,161.102792037517,0.140810079770612,22.6848969980711,0.827086352399323,67.8807973839624,0,6,64.4,66.3,794.199999999996,1156.50125833778,0.7504,0.00322867995373477,pO2_ca_in_ratio,31.0111539834983,0.7,21.7078077884488,0.731507670115799,0.0315076701157986,review,constant_pO2_ratio_lookup,1,1,1,1,1,1,ok
bench_152A,4,152,0.1,0.742468676642808,1805.68382159531,14.9308690673714,159.502306863878,66.57396873215,85.6794627180672,1244.04417840469,779.202183234499,374.164005000096,4.99852745202957,1.85916412679982,0.00208173,0.000165924255606526,0.00149331830045873,0.000165924255606526,0.1,3000,87.8954259383517,28.2104574061648,1.1970415662407,60.0362048596845,0,143.170083066148,64.2601995940304,171.380540472313,92.9562923982452,63.8,171.380540472313,0.183378033897614,31.4274265601232,0.649425921781723,69.57396873215,0,6,65.9,69.3,1421.2,1156.13996030471,0.7338,0.00866867664280802,pO2_ca_in_ratio,32.9310350905214,0.95,31.2844833359953,0.954340684212778,0.00434068421277822,good,constant_pO2_ratio_lookup,1,1,1,1,1,1,ok
bench_152A,4,152,0.2,0.741721470014559,1803.86661507541,13.5502771706993,159.252778955103,66.5753991874004,85.7562500495504,1245.86138492459,780.856259711974,374.176877561602,5.07199760146613,1.79166227437948,0.00208173,0.000336705678510949,0.0013468227140438,0.000336705678510949,0.2,3000,88.3814884159976,28.1618511584003,1.19670206620882,60.023254978372,0,143.170083066148,64.7341020549725,171.331934224548,93.424005077591,63.8,171.331934224548,0.173067534967518,29.6519955174595,0.702079663141539,69.5753991874004,0,6,65.9,69.3,1421.2,1156.14036006988,0.7338,0.00792147001455901,pO2_ca_in_ratio,32.9310350905214,0.9,29.6379315814692,0.900427072393918,0.000427072393918038,good,constant_pO2_ratio_lookup,1,1,1,1,1,1,ok
bench_152A,4,152,0.3,0.740659877910967,1801.28482307947,11.7848569898897,158.97550152605,66.5774483496522,85.8675389772799,1248.44317692053,783.225761546474,374.19531779609,5.15455860068378,1.70021642062808,0.00208173,0.000513153001023361,0.00119735700238784,0.000513153001023361,0.3,3000,88.9221132602124,28.1077886739788,1.19632445600379,60.0019311343777,0,143.170083066148,65.2241140435361,171.277871740127,93.9038246996045,63.8,171.277871740127,0.16050642264097,27.4911984705667,0.758588775241599,69.5774483496522,0,6,65.9,69.3,1421.2,1156.14092491125,0.7338,0.00685987791096698,pO2_ca_in_ratio,32.9310350905214,0.85,27.9913798269432,0.834811247050036,-0.0151887529499637,review,constant_pO2_ratio_lookup,1,1,1,1,1,1,ok
bench_152A,4,152,0.35,0.739931145006587,1799.51254465602,10.6990933209152,158.824269723077,66.578863550433,85.945091698744,1250.21545534398,784.862194771339,374.208053052063,5.20011582183499,1.64156453449493,0.00208173,0.000603819883697054,0.00112137978400881,0.000603819883697054,0.35,3000,89.2190046232015,28.0780995376799,1.1961170863099,59.987053827342,0,143.170083066148,65.4761452191288,171.248182603828,94.1487448230517,63.8,171.248182603828,0.153056704415331,26.2106824664567,0.788542527443911,69.578863550433,0,6,65.9,69.3,1421.2,1156.14131038673,0.7338,0.00613114500658696,pO2_ca_in_ratio,32.9310350905214,0.8,26.3448280724171,0.795926468585282,-0.00407353141471811,good,constant_pO2_ratio_lookup,1,1,1,1,1,1,ok
bench_152A,4,152,0.4,0.738984161283411,1797.20948024126,9.42948343359997,158.663106481585,66.5807103083239,86.0469676387817,1252.51851975874,786.997646899981,374.224671835562,5.24923338441806,1.57098858988595,0.00208173,0.000696325409332639,0.00104448811399896,0.000696325409332639,0.4,3000,89.5384354157598,28.046156458424,1.19589397350189,59.9685046567061,0,143.170083066148,65.7335490993442,171.216239524572,94.3972825745162,63.8,171.216239524572,0.144561153384307,24.7512170637959,0.819800662698377,69.5807103083239,0,6,65.9,69.3,1421.2,1156.14180845566,0.7338,0.00518416128341137,pO2_ca_in_ratio,32.9310350905214,0.75,24.698276317891,0.751607624715084,0.00160762471508435,good,constant_pO2_ratio_lookup,1,1,1,1,1,1,ok
bench_152A,4,152,0.45,0.737684600190198,1794.04894766256,7.92133867703893,158.490528350706,66.5832551804929,86.1883595852561,1255.67905233744,789.940343367505,374.247572857244,5.30277652743183,1.48471605942893,0.00208173,0.000790858954371153,0.000966605388675854,0.000790858954371153,0.45,3000,89.8856483258485,28.0114351674152,1.19565145571979,59.9453364679816,0,143.170083066148,65.9970154152874,171.181518233563,94.6496749643961,63.8,171.181518233563,0.134721004739661,23.0617461292863,0.852523163812861,69.5832551804929,0,6,65.9,69.3,1421.2,1156.14248661486,0.7338,0.00388460019019843,pO2_ca_in_ratio,32.9310350905214,0.7,23.051724563365,0.700304319797229,0.000304319797229224,good,constant_pO2_ratio_lookup,1,1,1,1,1,1,ok
bench_228A,5,228,0.1,0.714981306533295,2608.25180623346,14.2016722580415,175.871509332466,71.3358037643742,345.695726891435,1966.34019376654,1196.98411429559,417.01531996483,6.64503261468441,1.65928548062473,0.00259462,0.00022454990984027,0.00202094918856243,0.00022454990984027,0.1,3000,97.4300355582565,27.2569964441743,1.16619190446436,64.6382514852183,0,164.009170795802,69.096338138772,191.266167239977,93.8848112656638,68.6,191.266167239977,0.179609418792478,34.3532051326372,0.655674966926865,74.3358037643742,0,6,70.3,75.5,2173.6,1155.6089632661,0.7102,0.004781306533295,pO2_ca_in_ratio,36.3920985313425,0.95,34.5724936047754,0.943974283402499,-0.00602571659750073,good,constant_pO2_ratio_lookup,1,1,1,1,1,1,ok
bench_228A,5,228,0.15,0.714473411725888,2606.39900597604,13.314451948057,175.681417546974,71.3372731484417,345.7741136419,1968.19299402396,1198.68320654203,417.028542853702,6.70713098632308,1.62386455990436,0.00259462,0.000339876174154005,0.00192596498687269,0.000339876174154005,0.15,3000,97.7480788043111,27.2251921195689,1.16599798649958,64.614917592923,0,164.009170795802,69.3514440517052,191.234362915371,94.13096873787,68.6,191.234362915371,0.173549572236112,33.188641880808,0.685181236607196,74.3372731484417,0,6,70.3,75.5,2173.6,1155.60998406528,0.7102,0.00427341172588835,pO2_ca_in_ratio,36.3920985313425,0.9,32.7528886782083,0.911973841031027,0.0119738410310269,good,constant_pO2_ratio_lookup,1,1,1,1,1,1,ok
bench_228A,5,228,0.25,0.713090847808937,2601.355412807,11.1439032230307,175.262950362061,71.341292742716,345.994582805119,1973.236587193,1203.33116674434,417.064714792788,6.84612285075035,1.53289541960993,0.00259462,0.000577665104402011,0.00173299531320603,0.000577665104402011,0.25,3000,98.4457221171335,27.1554277882867,1.16557261802205,64.5571281665268,0,164.009170795802,69.8780741881411,191.164598584089,94.635436894204,68.6,191.164598584089,0.159343988029486,30.4609295084446,0.748195708655762,74.341292742716,0,6,70.3,75.5,2173.6,1155.61274690703,0.7102,0.00289084780893734,pO2_ca_in_ratio,36.3920985313425,0.85,30.9332837516411,0.837020417556034,-0.0129795824439665,good,constant_pO2_ratio_lookup,1,1,1,1,1,1,ok
bench_228A,5,228,0.3,0.712096363850674,2597.72753532726,9.79011206515255,175.030717762377,71.3441998677461,346.155731872282,1976.86446467274,1206.69274579636,417.090875695077,6.92511130902157,1.47345264850298,0.00259462,0.000700658306203237,0.00163486938114089,0.000700658306203237,0.3,3000,98.8334065884914,27.1166593411509,1.16533623826995,64.521076744837,0,164.009170795802,70.1509791719599,191.125830136953,94.8945163230733,68.6,191.125830136953,0.150850263434654,28.8313818253264,0.782053434243645,74.3441998677461,0,6,70.3,75.5,2173.6,1155.61472766799,0.7102,0.0018963638506736,pO2_ca_in_ratio,36.3920985313425,0.8,29.113678825074,0.792242904060492,-0.0077570959395078,good,constant_pO2_ratio_lookup,1,1,1,1,1,1,ok
bench_228A,5,228,0.35,0.71073318841757,2592.75467134729,8.18643297124513,174.779770913443,71.3482157477731,346.361091194736,1981.83732865271,1211.33644942669,417.127014508134,7.01277352314289,1.40072753281572,0.00259462,0.000826828053721724,0.00153553781405463,0.000826828053721724,0.35,3000,99.2547648188805,27.074523518112,1.16507932688606,64.4787117435159,0,164.009170795802,70.4315480534795,191.083694313914,95.158838420798,68.6,191.083694313914,0.141082382040434,26.9585427628931,0.81777885216599,74.3482157477731,0,6,70.3,75.5,2173.6,1155.61748809834,0.7102,0.000533188417569552,pO2_ca_in_ratio,36.3920985313425,0.75,27.2940738985069,0.740780110266935,-0.00921988973306453,good,constant_pO2_ratio_lookup,1,1,1,1,1,1,ok
bench_228A,5,228,0.4,0.70866205265334,2585.19916807939,6.22509659953423,174.468274141089,71.35445576029,346.558204591883,1989.39283192061,1218.55230933525,417.183170678518,7.09914731495907,1.30822446609067,0.00259462,0.000954677049835136,0.0014320155747527,0.000954677049835136,0.4,3000,99.7148528042256,27.0285147195774,1.16479880111844,64.4283480798543,0,164.009170795802,70.7170367485256,191.03768551538,95.4250128817092,68.6,191.03768551538,0.129707116696033,24.7789473684835,0.855413967763457,74.35445576029,0,6,70.3,75.5,2173.6,1155.62203292445,0.7102,-0.00153794734665957,pO2_ca_in_ratio,36.3920985313425,0.7,25.4744689719397,0.680888114961074,-0.0191118850389262,review,constant_pO2_ratio_lookup,1,1,1,1,1,1,ok
bench_266A,6,266,0.1,0.701107659246418,2983.91419775275,14.063073746747,183.906236691729,74.4019055938086,513.809203395018,2353.10980224725,1388.64330412706,444.606874160209,6.05042056495851,1.60701578813952,0.002868305,0.00025617159126513,0.00230554432138617,0.00025617159126513,0.1,3000,102.703795241142,26.7296204758858,1.15315076871795,66.8119985800398,0,174.531415673878,72.664489977848,201.261036149764,95.8418022152684,72.2,201.261036149764,0.176895948531929,35.6022618922313,0.653281250931795,77.4019055938086,0,6,73.2,79.2,2508,1155.36803496083,0.7012,-9.23407535822207e-05,pO2_ca_in_ratio,37.8671467037208,0.95,35.9737893685348,0.940188659335481,-0.00981134066451861,good,constant_pO2_ratio_lookup,1,1,1,1,1,1,ok
bench_266A,6,266,0.15,0.700534489148858,2981.47478581754,13.0721845215389,183.679788216609,74.4038714689955,513.894185989555,2355.54921418246,1390.91655485263,444.62456533724,6.1139080030361,1.56989738631406,0.002868305,0.00038802026016121,0.00219878147424686,0.00038802026016121,0.15,3000,103.05177945984,26.694822054016,1.15295138672282,66.7754471517805,0,174.531415673878,72.9038235249775,201.226237727894,96.0684559461448,72.2,201.226237727894,0.17046334708512,34.301698004443,0.681660655530951,77.4038714689955,0,6,73.2,79.2,2508,1155.36964756972,0.7012,-0.000665510851141859,pO2_ca_in_ratio,37.8671467037208,0.9,34.0804320333487,0.905843217415494,0.00584321741549354,good,constant_pO2_ratio_lookup,1,1,1,1,1,1,ok
bench_266A,6,266,0.2,0.699827840993745,2978.46729126938,11.9380433051107,183.437604204881,74.4063234517251,513.975154072594,2358.55670873062,1393.75198306467,444.646631562445,6.18294003091314,1.52600911542947,0.002868305,0.000522729510635562,0.00209091804254225,0.000522729510635562,0.2,3000,103.422854857769,26.657714514223,1.15273877434212,66.7343245223006,0,174.531415673878,73.1486169511543,201.189130188101,96.2989837906337,72.2,201.189130188101,0.163311478406258,32.8564942902878,0.711390710406617,77.4063234517251,0,6,73.2,79.2,2508,1155.37170488686,0.7012,-0.00137215900625554,pO2_ca_in_ratio,37.8671467037208,0.85,32.1870746981627,0.86767811019306,0.0176781101930598,review,constant_pO2_ratio_lookup,1,1,1,1,1,1,ok
bench_266A,6,266,0.3,0.697530424335095,2968.68948597017,8.85296756907234,182.61151352162,74.414461656346,514.184213344012,2368.33451402983,1403.16300816839,444.719871222847,6.26742129458926,1.39510187693776,0.002868305,0.000792039170937464,0.00184809139885408,0.000792039170937464,0.3,3000,104.239050890097,26.5760949109903,1.15227112441836,66.6342711071248,0,174.531415673878,73.6395768864722,201.107510584868,96.7552348518985,72.2,201.107510584868,0.1462964090994,29.4213066414858,0.774766636515179,77.414461656346,0,6,73.2,79.2,2508,1155.37859992231,0.7012,-0.00366957566490467,pO2_ca_in_ratio,37.8671467037208,0.8,30.2937173629767,0.776961276530372,-0.0230387234696277,review,constant_pO2_ratio_lookup,1,1,1,1,1,1,ok
bench_266A,6,266,0.3,0.697530424335095,2968.68948597017,8.85296756907234,182.61151352162,74.414461656346,514.184213344012,2368.33451402983,1403.16300816839,444.719871222847,6.26742129458926,1.39510187693776,0.002868305,0.000792039170937464,0.00184809139885408,0.000792039170937464,0.3,3000,104.239050890097,26.5760949109903,1.15227112441836,66.6342711071248,0,174.531415673878,73.6395768864722,201.107510584868,96.7552348518985,72.2,201.107510584868,0.1462964090994,29.4213066414858,0.774766636515179,77.414461656346,0,6,73.2,79.2,2508,1155.37859992231,0.7012,-0.00366957566490467,pO2_ca_in_ratio,37.8671467037208,0.75,28.4003600277906,0.776961276530372,0.0269612765303724,review,constant_pO2_ratio_lookup,1,1,1,1,1,1,ok
bench_266A,6,266,0.35,0.695508619341521,2960.08468391751,6.78856179099071,181.978474007396,74.4214335291262,514.661654819622,2376.93931608249,1411.22451965374,444.78260852904,6.27053308008411,1.30299753499774,0.002868305,0.000921541843011896,0.00171143485130781,0.000921541843011896,0.35,3000,104.684994220142,26.5315005779858,1.15201561550135,66.5734730718114,0,174.531415673878,73.8771952109937,201.062916251864,96.9717621287365,72.2,201.062916251864,0.136149116282781,27.37453836493,0.80810868525455,77.4214335291262,0,6,73.2,79.2,2508,1155.3838059966,0.7012,-0.00569138065847929,pO2_ca_in_ratio,37.8671467037208,0.7,26.5070026926046,0.722909982606115,0.0229099826061148,review,constant_pO2_ratio_lookup,1,1,1,1,1,1,ok
bench_342A,7,342,0.1,0.681605869481118,3729.74731780068,14.6260778340613,200.565084665164,76.2713486272844,616.733266146954,3132.14068219932,2046.92068369007,461.429802980236,7.05692938206185,1.55354927196831,0.003514805,0.000319164707770526,0.00287248236993473,0.000319164707770526,0.1,3000,112.973139327966,25.7026860672034,1.13143934973787,71.1652682177133,0,195.547879067128,74.6603873226855,221.250565134331,94.8069422971232,74.2,221.250565134331,0.176466491663923,39.0433110079156,0.658584375540239,79.2713486272844,0,6,74.5,82.8,3469.4,1155.57189147356,0.6826,-0.000994130518881753,pO2_ca_in_ratio,41.6763080207976,0.95,39.5924926197577,0.936822690446379,-0.0131773095536207,good,constant_pO2_ratio_lookup,1,1,1,1,1,1,ok
bench_342A,7,342,0.15,0.680967273966062,3726.25292314229,13.4742005493578,200.282580023157,76.274254254301,616.758854970301,3135.63507685771,2050.2808787192,461.45595311161,7.13939005659323,1.51536032494495,0.003514805,0.000483743107054692,0.00274121093997659,0.000483743107054692,0.15,3000,113.380442317239,25.6619557682761,1.13123106162387,71.105872553299,0,195.547879067128,74.8981873466465,221.209834835404,95.0279276859633,74.2,221.209834835404,0.169644805611236,37.5270994299457,0.689990923680621,79.274254254301,0,6,74.5,82.8,3469.4,1155.57331974777,0.6826,-0.0016327260339376,pO2_ca_in_ratio,41.6763080207976,0.9,37.5086772187179,0.900442030786859,0.00044203078685856,good,constant_pO2_ratio_lookup,1,1,1,1,1,1,ok
bench_342A,7,342,0.2,0.680099608292872,3721.5050565786,12.0459047492678,199.845937271872,76.2783495602534,616.673325980851,3140.3829434214,2055.01718334618,461.492812575761,7.19962151860697,1.46420170806883,0.003514805,0.000649215680028218,0.00259686272011287,0.000649215680028218,0.2,3000,113.813577093948,25.6186422906052,1.13100956355456,71.0398179449807,0,195.547879067128,75.1377611868728,221.166521357733,95.2488017751576,74.2,221.166521357733,0.162069829940871,35.8444205050618,0.722866690207409,79.2783495602534,0,6,74.5,82.8,3469.4,1155.57550060816,0.6826,-0.00250039170712757,pO2_ca_in_ratio,41.6763080207976,0.85,35.424861817678,0.860067079050631,0.010067079050631,good,constant_pO2_ratio_lookup,1,1,1,1,1,1,ok
bench_342A,7,342,0.25,0.678814195502578,3714.47127779011,10.1956701126804,199.106890202684,76.2840417070991,617.072532458565,3147.41672220989,2061.59893550383,461.544033913242,7.20122033425262,1.39291151468725,0.003514805,0.000809442084660824,0.00242832625398247,0.000809442084660824,0.25,3000,114.269217916706,25.5730782083294,1.13077655625992,70.9662187408168,0,195.547879067128,75.3705113651268,221.120957275457,95.4607163625412,74.2,221.120957275457,0.153666692243375,33.978926090208,0.756890433109077,79.2840417070991,0,6,74.5,82.8,3469.4,1155.57776889425,0.6826,-0.00378580449742161,pO2_ca_in_ratio,41.6763080207976,0.8,33.3410464166381,0.815305570571453,0.0153055705714531,review,constant_pO2_ratio_lookup,1,1,1,1,1,1,ok
bench_342A,7,342,0.3,0.677046140383641,3704.79648017928,8.09733674853353,198.330949396718,76.2918526623313,617.637476048655,3157.09151982072,2070.6305930015,461.61432121146,7.20912955910448,1.31208970029031,0.003514805,0.000968713695610042,0.00226033195642343,0.000968713695610042,0.3,3000,114.755900200074,25.5244099799926,1.13052767486796,70.8841274768758,0,195.547879067128,75.6029820827126,221.07228904712,95.6699474268055,74.2,221.07228904712,0.144232642007896,31.8858403239994,0.792407664455478,79.2918526623313,0,6,74.5,82.8,3469.4,1155.5808334752,0.6826,-0.0055538596163589,pO2_ca_in_ratio,41.6763080207976,0.75,31.2572310155982,0.765083133277726,0.0150831332777256,review,constant_pO2_ratio_lookup,1,1,1,1,1,1,ok
bench_342A,7,342,0.35,0.674358734606509,3690.09099576682,5.69576581594777,197.515721508551,76.303678191945,618.542421489165,3171.79700423318,2084.30409817273,461.720732879075,7.22975169221017,1.21958857627528,0.003514805,0.00112695997049882,0.0020929256594978,0.00112695997049882,0.35,3000,115.279134541665,25.4720865458335,1.13026010134883,70.7922168403973,0,195.547879067128,75.8359603183306,221.019965612961,95.8769061906092,74.2,221.019965612961,0.133545027807386,29.5161174537705,0.829523829128343,79.303678191945,0,6,74.5,82.8,3469.4,1155.58535191088,0.6826,-0.0082412653934909,pO2_ca_in_ratio,41.6763080207976,0.7,29.1734156145583,0.708222941414127,0.00822294141412749,good,constant_pO2_ratio_lookup,1,1,1,1,1,1,ok
bench_418A,8,418,0.1,0.663644295605888,4438.45304901218,15.4788975881437,217.241889901337,77.5990114193449,689.683074402857,3948.29895098782,2772.60430501152,473.377309112616,12.6342624608326,1.52473283205693,0.00429707,0.000381830760941346,0.00343647684847212,0.000381830760941346,0.1,3000,124.507662481728,24.6619253138704,1.11386068039706,75.8844104412026,0,216.597382238258,75.0418165716317,241.259307552129,92.6135284732061,74.5,241.259307552129,0.177855321231844,42.909251644856,0.66691668734756,80.5990114193449,0,6.5,75.2,83.8,3894.36666666666,1155.72784800191,0.666,-0.00235570439411215,pO2_ca_in_ratio,45.8068104950828,0.95,43.5164699703287,0.936743929147003,-0.0132560708529972,good,constant_pO2_ratio_lookup,1,1,1,1,1,1,ok
bench_418A,8,418,0.15,0.6629890573954,4434.07081586043,14.2405321957725,216.917909116334,77.6024967589488,689.855681836314,3952.68118413957,2776.63454049714,473.408673716903,12.7822880892103,1.48797785139649,0.00429707,0.000578905865747436,0.0032804665725688,0.000578905865747436,0.15,3000,124.986437016874,24.6260172237344,1.11369489773725,75.8390059273285,0,216.597382238258,75.3219347442915,241.223399461993,92.8831328258047,74.5,241.223399461993,0.170991344931218,41.2471135028866,0.702879224276875,80.6024967589488,0,6.5,75.2,83.8,3894.36666666666,1155.72873518132,0.666,-0.00301094260460022,pO2_ca_in_ratio,45.8068104950828,0.9,41.2261294455745,0.900458099070537,0.000458099070537177,good,constant_pO2_ratio_lookup,1,1,1,1,1,1,ok
bench_418A,8,418,0.2,0.662170306904169,4428.59501257508,12.8227451018713,216.56874041105,77.6068710906036,690.071317569314,3958.15698742492,2781.69275507695,473.448038389081,12.9448763895738,1.44449477154945,0.00429707,0.00078073461021079,0.00312293844084316,0.00078073461021079,0.2,3000,125.498873875558,24.5875844593331,1.11351745900736,75.78749906753,0,216.597382238258,75.6092870022613,241.184966697591,93.1585582110997,74.5,241.184966697591,0.163364533944291,39.4010696789213,0.740820511820833,80.6068710906036,0,6.5,75.2,83.8,3894.36666666666,1155.72984607969,0.666,-0.00382969309583137,pO2_ca_in_ratio,45.8068104950828,0.85,38.9357889208204,0.860157458095689,0.0101574580956889,good,constant_pO2_ratio_lookup,1,1,1,1,1,1,ok
bench_418A,8,418,0.25,0.661105057753312,4421.47062625415,11.1780824605876,216.190101873398,77.6126905260888,690.232331892577,3965.28137374585,2788.42232443957,473.500410088162,13.1263073255392,1.39233587234106,0.00429707,0.000987937078899873,0.00296381123669962,0.000987937078899873,0.25,3000,126.051707656009,24.5461219257993,1.11332603225462,75.7286106911094,0,216.597382238258,75.9050227811053,241.143504164057,93.4406578612738,74.5,241.143504164057,0.154787875019246,37.3260905842492,0.781044063987836,80.6126905260888,0,6.5,75.2,83.8,3894.36666666666,1155.73145179122,0.666,-0.00489494224668807,pO2_ca_in_ratio,45.8068104950828,0.8,36.6454483960662,0.814858973607342,0.0148589736073425,good,constant_pO2_ratio_lookup,1,1,1,1,1,1,ok
bench_418A,8,418,0.3,0.659451559670284,4410.41203107486,9.02381850985672,215.447881274696,77.6218644095102,690.51380318007,3976.33996892514,2799.03089145988,473.582969409528,13.212304875665,1.31850368326754,0.00429707,0.00118984415438538,0.00277630302689923,0.00118984415438538,0.3,3000,126.638280334363,24.5021289749228,1.11312292291682,75.6606616487692,0,216.597382238258,76.1946955332885,241.099511213181,93.7145964067992,74.5,241.099511213181,0.14517027686589,35.0004827950483,0.823000555345453,80.6218644095102,0,6.5,75.2,83.8,3894.36666666666,1155.73393806385,0.666,-0.00654844032971602,pO2_ca_in_ratio,45.8068104950828,0.75,34.3551078713121,0.764089060486005,0.014089060486005,good,constant_pO2_ratio_lookup,1,1,1,1,1,1,ok
bench_418A,8,418,0.35,0.656788492441982,4392.60143745198,6.38152724778326,214.428534593143,77.6360912717537,691.723791734945,3994.15056254802,2815.48067383478,473.710986969948,13.2351100083451,1.22534520856345,0.00429707,0.00138415779485732,0.00257057876187789,0.00138415779485732,0.35,3000,127.260272366975,24.4554795724769,1.11290754911145,75.5827719301049,0,216.597382238258,76.4760385169578,241.052861810735,93.9779033315664,74.5,241.052861810735,0.134362039315382,32.3883540956993,0.866534454726996,80.6360912717537,0,6.5,75.2,83.8,3894.36666666666,1155.73694076248,0.666,-0.00921150755801792,pO2_ca_in_ratio,45.8068104950828,0.7,32.064767346558,0.707064162416986,0.00706416241698626,good,constant_pO2_ratio_lookup,1,1,1,1,1,1,ok
bench_494A,9,494,0.1,0.64528170273705,5100.30657843365,14.6919471664124,224.044771637305,78.7959243073062,586.817380194478,4811.30942156635,3719.78262770892,484.151582418152,20.5578312448,1.456415854805,0.005066405,0.000427690702435957,0.00384921632192361,0.000427690702435957,0.1,3000,138.65663041147,23.6007527191398,1.1036743637212,81.7142846488832,0,227.643092004949,74.9326772261731,251.243844724089,90.9810874735352,74.3,251.243844724089,0.181590488353359,45.6234924592229,0.579761243313264,81.7959243073062,0,7.5,75.9,85,4754.75,1284.48889990813,0.6469,-0.0016182972629496,pO2_ca_in_ratio,48.7267192617724,0.95,46.2903832986837,0.936313651943646,-0.013686348056354,good,constant_pO2_ratio_lookup,1,1,1,1,1,1,ok
bench_494A,9,494,0.15,0.644582329406299,5094.77873162739,13.4498706783531,223.663756011194,78.7998900643896,586.972727938594,4816.83726837261,3724.87844989025,484.187271124948,20.7988194188201,1.42243400688562,0.005066405,0.000648607422219439,0.00367544205924349,0.000648607422219439,0.15,3000,139.24583206432,23.556562595176,1.10348024351498,81.64321279854,0,227.643092004949,75.2599838839654,251.199654600125,91.2944358593284,74.3,251.199654600125,0.174606911313646,43.8611958127826,0.622572528905874,81.7998900643896,0,7.5,75.9,85,4754.75,1284.48953828679,0.6469,-0.00231767059370069,pO2_ca_in_ratio,48.7267192617724,0.9,43.8540473355951,0.900146705489223,0.000146705489222687,good,constant_pO2_ratio_lookup,1,1,1,1,1,1,ok
bench_494A,9,494,0.2,0.643710314455236,5087.88632545419,12.0378917060354,223.253193318856,78.8048537598517,587.178670204999,4823.72967454581,3731.2565458333,484.231940265261,21.0625182422576,1.38255051068519,0.005066405,0.000874984415723718,0.00349993766289487,0.000874984415723718,0.2,3000,139.874409130781,23.5094193151914,1.10327315056273,81.5639609883835,0,227.643092004949,75.5958943940067,251.152511320141,91.6147815808176,74.3,251.152511320141,0.166908544845832,41.9195001988211,0.667699847818662,81.8048537598517,0,7.5,75.9,85,4754.75,1284.49032354174,0.6469,-0.00318968554476373,pO2_ca_in_ratio,48.7267192617724,0.85,41.4177113725065,0.860298021987052,0.0102980219870517,good,constant_pO2_ratio_lookup,1,1,1,1,1,1,ok
bench_494A,9,494,0.25,0.642577993547793,5078.93646100175,10.4132481635754,222.808055357829,78.8113219266672,587.467121201843,4832.67953899825,3739.56775349847,484.290147997581,21.3545163003503,1.3351329989222,0.005066405,0.00110753779516969,0.00332261338550906,0.00110753779516969,0.25,3000,140.549844690434,23.4587616482175,1.10305061946579,81.4749106091108,0,227.643092004949,75.9417306918687,251.101853653167,91.9431286841601,74.3,251.101853653167,0.158329897186721,39.7569306723009,0.715498465027952,81.8113219266672,0,7.5,75.9,85,4754.75,1284.49132308064,0.6469,-0.00432200645220737,pO2_ca_in_ratio,48.7267192617724,0.8,38.9813754094179,0.81591642685231,0.01591642685231,review,constant_pO2_ratio_lookup,1,1,1,1,1,1,ok
bench_494A,9,494,0.3,0.641017309566998,5066.60081481756,8.51644049463266,222.321895190108,78.8202648457851,587.902173135759,4845.01518518245,3751.05876643593,484.370625568603,21.6836200421537,1.27787532087851,0.005066405,0.00134716065235725,0.00314337485550025,0.00134716065235725,0.3,3000,141.282158780482,23.4038380914639,1.1028093489916,81.37390526571,0,227.643092004949,76.2993067691342,251.046930096413,92.280867652222,74.3,251.046930096413,0.148643320333649,37.3164492491002,0.766421288897737,81.8202648457851,0,7.5,75.9,85,4754.75,1284.49266231791,0.6469,-0.00588269043300171,pO2_ca_in_ratio,48.7267192617724,0.75,36.5450394463293,0.765831351144876,0.0158313511448763,review,constant_pO2_ratio_lookup,1,1,1,1,1,1,ok
bench_494A,9,494,0.35,0.638644129515162,5047.84319968784,6.26175268031444,221.78628524752,78.8338876011455,588.650663731307,4863.77280031216,3768.56279006161,484.493215397035,22.0661311222039,1.20740218119115,0.005066405,0.00159498875771748,0.00296212197861818,0.00159498875771748,0.35,3000,142.085311486458,23.3436016385157,1.10254473980703,81.2579982155543,0,227.643092004949,76.6713933480686,250.986693643465,92.6301904769431,74.3,250.986693643465,0.137524792467444,34.5168929554075,0.821062610344116,81.8338876011455,0,7.5,75.9,85,4754.75,1284.49460319823,0.6469,-0.00825587048483767,pO2_ca_in_ratio,48.7267192617724,0.7,34.1087034832407,0.708377117900631,0.008377117900631,good,constant_pO2_ratio_lookup,1,1,1,1,1,1,ok
bench_570A,10,570,0.1,0.627494946902666,5722.75391575232,13.5158104458989,218.460576344678,79.1514888218059,463.448382622748,5713.72608424768,4742.13049402839,487.354130428601,20.7930771679412,1.41447416260635,0.00585298,0.000479658040827588,0.00431692236744829,0.000479658040827588,0.1,3000,159.255033676696,22.0558724742478,1.09628262359025,88.0732254859954,0,229.074277910315,75.6777951163668,251.130150384563,90.6505184529956,75.1,251.130150384563,0.182524693728336,45.8374537848932,0.532354722239689,82.1514888218059,0,9.1,75.8,85.4,6086.08000000001,1414.93251094096,0.624,0.0034949469026665,pO2_ca_in_ratio,48.9778782816304,0.95,46.5289843675489,0.935880756641208,-0.0141192433587921,good,constant_pO2_ratio_lookup,1,1,1,1,1,1,ok
bench_570A,10,570,0.15,0.626746300361578,5715.92625929759,12.2939302396235,218.02082709998,79.1560116188992,463.597423663907,5720.5537407024,4748.53144500748,487.39483262162,21.0300394093992,1.38094947086022,0.00585298,0.000727011524304015,0.00411973197105608,0.000727011524304015,0.15,3000,159.943822554415,22.0042133084189,1.09605711086006,87.9487252188694,0,229.074277910315,75.9763182600454,251.078491218734,90.9278761625172,75.1,251.078491218734,0.17549833488247,44.0638571336906,0.576595039708523,82.1560116188992,0,9.1,75.8,85.4,6086.08000000001,1414.93295740286,0.624,0.00274630036157841,pO2_ca_in_ratio,48.9778782816304,0.9,44.0800904534674,0.899668558125704,-0.000331441874296345,good,constant_pO2_ratio_lookup,1,1,1,1,1,1,ok
bench_570A,10,570,0.2,0.625802706248754,5707.32068098863,10.9019809723497,217.528741857074,79.1617275224958,463.809759738646,5729.15931901137,4756.62088100646,487.446271507267,21.2824067589938,1.34149958731929,0.00585298,0.000979787579578593,0.00391915031831437,0.000979787579578593,0.2,3000,160.678026072596,21.9186368712885,1.09568353579999,87.6942657251735,0,229.074277910315,76.2819637331091,250.992914781604,91.1902627271162,75.1,250.992914781604,0.167791120302194,42.1143823591184,0.623150517708986,82.1617275224958,0,9.1,75.8,85.4,6086.08000000001,1414.93349748795,0.624,0.00180270624875356,pO2_ca_in_ratio,48.9778782816304,0.85,41.6311965393858,0.859865388960995,0.00986538896099476,good,constant_pO2_ratio_lookup,1,1,1,1,1,1,ok
bench_570A,10,570,0.25,0.624572624776401,5696.10233796078,9.31269734618924,216.994612341366,79.16920339824,464.100241532328,5740.37766203922,4767.20107849323,487.51354857933,21.5627934343402,1.29513402053162,0.00585298,0.00123883925841341,0.00371651777524024,0.00123883925841341,0.25,3000,161.46607287091,21.8240712554908,1.09527071941283,87.4063949966134,0,229.074277910315,76.5960519425147,250.898349165806,91.4554120138054,75.1,250.898349165806,0.159254301803485,39.9566414200474,0.672435332475351,82.16920339824,0,9.1,75.8,85.4,6086.08000000001,1414.93418918651,0.624,0.000572624776400965,pO2_ca_in_ratio,48.9778782816304,0.8,39.1823026253043,0.815809970172463,0.0158099701724632,review,constant_pO2_ratio_lookup,1,1,1,1,1,1,ok
bench_570A,10,570,0.3,0.622866701689961,5680.54431941244,7.47544651934234,216.412650411548,79.1795942947273,464.540187329541,5755.93568058756,4781.90663132868,487.607057848799,21.881804080535,1.23991999540453,0.00585298,0.00150507926294957,0.00351185161354899,0.00150507926294957,0.3,3000,162.318960059538,21.7217247928554,1.09482393654586,87.0900685129523,0,229.074277910315,76.9202412408014,250.796002703171,91.7258248221569,75.1,250.796002703171,0.149686967527191,37.5408931125788,0.724904687449474,82.1795942947273,0,9.1,75.8,85.4,6086.08000000001,1414.93511182369,0.624,-0.00113329831003905,pO2_ca_in_ratio,48.9778782816304,0.75,36.7334087112228,0.766486716650176,0.0164867166501759,review,constant_pO2_ratio_lookup,1,1,1,1,1,1,ok
bench_570A,10,570,0.35,0.62023640148966,5656.5559815857,5.31726330930326,215.773369528515,79.1956331097986,465.30828965805,5779.9240184143,4804.60503210435,487.751391822394,22.2593048295076,1.17302675104432,0.00585298,0.00177962652190267,0.00330502068353353,0.00177962652190267,0.35,3000,163.251787915357,21.6097854501572,1.09433527695596,86.7387454087952,0,229.074277910315,77.2571542527305,250.684063360472,92.0030118093914,75.1,250.684063360472,0.138808854756084,34.7971677406687,0.781141748956461,82.1956331097986,0,9.1,75.8,85.4,6086.08000000001,1414.93644240891,0.624,-0.00376359851033969,pO2_ca_in_ratio,48.9778782816304,0.7,34.2845147971413,0.710467030453617,0.0104670304536174,good,constant_pO2_ratio_lookup,1,1,1,1,1,1,ok
bench_646A,11,646,0.1,0.609790620758187,6302.79585615662,12.3796212855338,212.742265863646,79.511029001144,315.091797140615,6658.54814384338,5827.8925420666,490.592959174353,24.9708454618164,1.37617271047032,0.00665464,0.000528615231316779,0.00475753708185101,0.000528615231316779,0.1,3000,178.701925837402,19.7557688995117,1.0853411163096,89.0840848198968,0,231.491803175409,75.6886452450313,251.247572074921,89.0088068792906,75.1,251.247572074921,0.184010968303299,46.2323090213591,0.487789236618596,82.511029001144,0,10,75.9,85.4,6618.33333333333,1613.91463215066,0.6019,0.00789062075818692,pO2_ca_in_ratio,49.4257515384165,0.95,46.9544639614957,0.935389095407577,-0.0146109045924225,good,constant_pO2_ratio_lookup,1,1,1,1,1,1,ok
bench_646A,11,646,0.15,0.60897823130277,6294.39899874543,11.1714176289027,212.223105788576,79.5159671782211,315.213214298153,6666.94500125457,5835.86344846275,490.637400339704,25.2309381539597,1.3427173793422,0.00665464,0.000800427274048181,0.00453575455293969,0.000800427274048181,0.15,3000,179.505759900841,19.6593088118991,1.08492442731116,88.7385719949829,0,231.491803175409,75.9919183856911,251.151111987308,89.2604177428573,75.1,251.151111987308,0.176946551880106,44.4403232670084,0.534905065174097,82.5159671782211,0,10,75.9,85.4,6618.33333333333,1613.91493916538,0.6019,0.00707823130277019,pO2_ca_in_ratio,49.4257515384165,0.9,44.4831763845749,0.899132979950074,-0.000867020049925671,good,constant_pO2_ratio_lookup,1,1,1,1,1,1,ok
bench_646A,11,646,0.2,0.607961177646758,6283.88673215689,9.8163487158085,211.665272137247,79.522167105709,315.376374916596,6677.45726784311,5845.87095750848,490.693196423883,25.5167389941517,1.30424088746888,0.00665464,0.00107801286763033,0.00431205147052131,0.00107801286763033,0.2,3000,180.361646502093,19.5566024197488,1.08448075548027,88.366565560101,0,231.491803175409,76.3022370164098,251.048405595158,89.5151126799428,75.1,251.048405595158,0.169233869975053,42.4858932299353,0.584546117487476,82.522167105709,0,10,75.9,85.4,6618.33333333333,1613.91531282327,0.6019,0.00606117764675784,pO2_ca_in_ratio,49.4257515384165,0.85,42.0118888076541,0.859590231964663,0.00959023196466346,good,constant_pO2_ratio_lookup,1,1,1,1,1,1,ok
bench_646A,11,646,0.25,0.606631323543737,6270.14136014807,8.28129653661106,211.06251670071,79.5302964033204,315.608330982871,6691.20263985193,5858.9926623586,490.766355463264,25.8352910472015,1.25950387641385,0.00665464,0.00136210313154835,0.00408630939464504,0.00136210313154835,0.25,3000,181.278667627396,19.4465598847125,1.0840053929252,87.9634332221799,0,231.491803175409,76.6207279800062,250.938363060122,89.7733258968242,75.1,250.938363060122,0.16073946707757,40.3356987476016,0.63707818011866,82.5302964033204,0,10,75.9,85.4,6618.33333333333,1613.91578301976,0.6019,0.00473132354373706,pO2_ca_in_ratio,49.4257515384165,0.8,39.5406012307332,0.816086705656876,0.0160867056568763,review,constant_pO2_ratio_lookup,1,1,1,1,1,1,ok
bench_646A,11,646,0.3,0.604773686406203,6250.94082269452,6.52153035993386,210.406942920608,79.5416798989154,315.968974431236,6710.40317730548,5877.36692192363,490.86879971075,26.1984812398681,1.20680913504854,0.00665464,0.00165359845799554,0.00385839640198959,0.00165359845799554,0.3,3000,182.268723725444,19.3277531529468,1.0834921707284,87.5231381708963,0,231.491803175409,76.9489979659503,250.819556328356,90.0357614381342,75.1,250.819556328356,0.151285254530886,37.9453004204593,0.692961766251028,82.5416798989154,0,10,75.9,85.4,6618.33333333333,1613.91640261244,0.6019,0.00287368640620322,pO2_ca_in_ratio,49.4257515384165,0.75,37.0693136538124,0.767723286735782,0.0177232867357818,review,constant_pO2_ratio_lookup,1,1,1,1,1,1,ok
bench_646A,11,646,0.35,0.601861359781145,6220.83901469791,4.47481230299732,209.688441000666,79.5595515046962,316.630913990458,6740.50498530209,5906.21338749545,491.029630923986,26.6310528921899,1.14376121021577,0.00665464,0.00195362375820949,0.00362815840810333,0.00195362375820949,0.35,3000,183.348043833124,19.1982347400251,1.08293267613229,87.0375692905322,0,231.491803175409,77.2897221553444,250.690037915434,90.3038816827935,75.1,250.690037915434,0.140626748886271,35.2537250102236,0.752792705532051,82.5595515046962,0,10,75.9,85.4,6618.33333333333,1613.9172737195,0.6019,-3.86402188550239e-05,pO2_ca_in_ratio,49.4257515384165,0.7,34.5980260768916,0.713266342198608,0.0132663421986081,good,constant_pO2_ratio_lookup,1,1,1,1,1,1,ok
bench_684A,12,684,0.1,0.600905471072744,6576.30947542011,11.883157616598,209.208185120761,79.6116369413416,317.189781199879,7147.46652457989,6313.13466279064,491.498388676451,25.6436919129119,1.36221430154836,0.00702961,0.000555245674609164,0.00499721107148247,0.000555245674609164,0.1,3000,188.182280877263,18.6181262947285,1.08010611077243,88.5343577617475,0,232.418302613882,75.8774676812565,251.03642890861,88.4092992224297,75.3,251.03642890861,0.183821130530535,46.1458001663291,0.488739685286301,82.6116369413416,0,11.1,75.7,85,7191.69,1613.93676291066,0.5902,0.0107054710727444,pO2_ca_in_ratio,49.3566039086316,0.95,46.8887737132001,0.934946825996246,-0.0150531740037537,review,constant_pO2_ratio_lookup,1,1,1,1,1,1,ok
bench_684A,12,684,0.15,0.600057537220808,6567.02968734452,10.6768317858131,208.659391685212,79.6171070130783,317.328022272909,7156.74631265548,6321.96410789865,491.547616557259,25.9065659266652,1.32847401163123,0.00702961,0.000840484946072606,0.00476274802774477,0.000840484946072606,0.15,3000,189.037045974537,18.5155544830556,1.07966478661457,88.1346749459204,0,232.418302613882,76.1747767159492,250.933857096938,88.6500340881278,75.3,250.933857096938,0.176724275372868,44.3461040619751,0.536403748697554,82.6171070130783,0,11.1,75.7,85,7191.69,1613.93704251406,0.5902,0.00985753722080762,pO2_ca_in_ratio,49.3566039086316,0.9,44.4209435177685,0.898483699244545,-0.00151630075545539,good,constant_pO2_ratio_lookup,1,1,1,1,1,1,ok
bench_684A,12,684,0.2,0.598992480549439,6555.37370713306,9.32635675141134,208.069705056872,79.6239948817279,317.514277348451,7168.40229286694,6333.08202774009,491.609603650004,26.1963841284023,1.28978779595792,0.00702961,0.00113158374279314,0.00452633497117255,0.00113158374279314,0.2,3000,189.947423193645,18.4063092167626,1.07919474933668,87.7047934766343,0,232.418302613882,76.4788609692581,250.824611830645,88.8932696235834,75.3,250.824611830645,0.168983782314252,42.3852916046464,0.586648264188716,82.6239948817279,0,11.1,75.7,85,7191.69,1613.9373823422,0.5902,0.00879248054943871,pO2_ca_in_ratio,49.3566039086316,0.85,41.9531133223369,0.858756240261376,0.008756240261376,good,constant_pO2_ratio_lookup,1,1,1,1,1,1,ok
bench_684A,12,684,0.25,0.597592784684571,6540.05543558794,7.79974006044252,207.432559985659,79.6330684001006,317.780508178095,7183.72056441206,6347.72779689412,491.691259990742,26.5209993491003,1.24495547546618,0.00702961,0.00142928298719113,0.00428784896157338,0.00142928298719113,0.25,3000,190.923038565118,18.2892353721859,1.07869102891854,87.2394895045232,0,232.418302613882,76.7908426426204,250.707537986068,89.139388606558,75.3,250.707537986068,0.160469379942666,40.2308831675768,0.639844937579491,82.6330684001006,0,11.1,75.7,85,7191.69,1613.93780914966,0.5902,0.00739278468457094,pO2_ca_in_ratio,49.3566039086316,0.8,39.4852831269053,0.815106388641563,0.0151063886415632,review,constant_pO2_ratio_lookup,1,1,1,1,1,1,ok
bench_684A,12,684,0.3,0.595620327386123,6518.46886291373,6.05393864015648,206.739681000819,79.6458800977847,318.199181255797,7205.30713708627,6368.40729158772,491.806556896437,26.894107346322,1.19234027560038,0.00702961,0.00173449367569166,0.00404715190994722,0.00173449367569166,0.3,3000,191.976491640414,18.1628210031503,1.07814712007997,86.731967664611,0,232.418302613882,77.1123596742988,250.581123617032,89.3890671072747,75.3,250.581123617032,0.151007935486256,37.8397381492343,0.696461321321148,82.6458800977847,0,11.1,75.7,85,7191.69,1613.93836958276,0.5902,0.00542032738612264,pO2_ca_in_ratio,49.3566039086316,0.75,37.0174529314737,0.766660085026976,0.0166600850269758,review,constant_pO2_ratio_lookup,1,1,1,1,1,1,ok
bench_684A,12,684,0.35,0.592469988537903,6483.99155455881,4.02931562395366,205.980532115855,79.6663569822234,318.989021531704,7239.78444544119,6401.45881118296,491.99083305958,27.345779666941,1.12964250220099,0.00702961,0.00204835024782471,0.00380407903167445,0.00204835024782471,0.35,3000,193.124995849429,18.0250004980686,1.07755413534714,86.1730985186668,0,232.418302613882,77.4462721795383,250.443303111951,89.6438729903215,75.3,250.443303111951,0.140362902497105,35.1529489357556,0.75710233090911,82.6663569822234,0,11.1,75.7,85,7191.69,1613.93914866296,0.5902,0.00226998853790339,pO2_ca_in_ratio,49.3566039086316,0.7,34.5496227360422,0.712223819143438,0.0122238191434376,good,constant_pO2_ratio_lookup,1,1,1,1,1,1,ok
bench_722A,13,722,0.1,0.591599572865663,6834.15826574413,11.395452717382,205.253399375948,79.9667867308622,309.504742267801,7652.04973425587,6820.59831877167,494.694890482915,27.2517827334797,1.35003693190141,0.00742182,0.000582395360495506,0.00524155824445955,0.000582395360495506,0.1,3000,197.868298093611,17.4558042287667,1.07470333305181,87.4036160524487,0,233.668345382384,76.1780240745604,251.124149611151,87.896008637847,75.6,251.124149611151,0.18361684760513,46.1106247091186,0.48943171236891,82.9667867308622,0,11.5,75.8,85.2,7530.96666666667,1636.89642866849,0.5789,0.0126995728656626,pO2_ca_in_ratio,49.336322070637,0.95,46.8695059671052,0.934618203665444,-0.0153817963345561,review,constant_pO2_ratio_lookup,1,1,1,1,1,1,ok
bench_722A,13,722,0.15,0.590716694762594,6823.95925789748,10.1965745174665,204.671437350743,79.9727277720199,309.652651148098,7662.24874210252,6830.32425520594,494.748356895156,27.5234788533261,1.31602294566305,0.00742182,0.000881251669447809,0.00499375946020425,0.000881251669447809,0.15,3000,198.778859474852,17.3465368630177,1.07423571573048,86.9441449602433,0,233.668345382384,76.4753426022879,251.014882245402,88.1317270235105,75.6,251.014882245402,0.176503539428874,44.3050151656355,0.537497087767933,82.9727277720199,0,11.5,75.8,85.2,7530.96666666667,1636.89668446775,0.5789,0.0118166947625938,pO2_ca_in_ratio,49.336322070637,0.9,44.4026898635733,0.898020227413832,-0.00197977258616799,good,constant_pO2_ratio_lookup,1,1,1,1,1,1,ok
bench_722A,13,722,0.2,0.589604813674125,6811.1148075635,8.85724718928124,204.046235030951,79.9802268494281,309.852821529272,7675.0931924365,6842.60076651977,494.815844588422,27.8237597990413,1.27715352308647,0.00742182,0.0011859975479492,0.00474399019179681,0.0011859975479492,0.2,3000,199.748654940697,17.2301614071164,1.07373767884101,86.4504508364595,0,233.668345382384,76.7792432761034,250.8985067895,88.3694393588707,75.6,250.8985067895,0.168754139991233,42.3401617383467,0.588182778124875,82.9802268494281,0,11.5,75.8,85.2,7530.96666666667,1636.89699458678,0.5789,0.0107048136741255,pO2_ca_in_ratio,49.336322070637,0.85,41.9358737600415,0.85819453014204,0.00819453014204019,good,constant_pO2_ratio_lookup,1,1,1,1,1,1,ok
bench_722A,13,722,0.25,0.588137394761838,6794.16318428875,7.34689224876125,203.370921661348,79.9901449772309,310.14101388407,7692.04481571125,6858.8373462678,494.9051019748,28.16135358458,1.23227422232708,0.00742182,0.00149737419850703,0.00449212259552109,0.00149737419850703,0.25,3000,200.787818089329,17.1054618292805,1.07320401829049,85.9166940945557,0,233.668345382384,77.0908474344951,250.773807211664,88.6094840836296,75.6,250.773807211664,0.160242488360247,40.18461888317,0.641862615239712,82.9901449772309,0,11.5,75.8,85.2,7530.96666666667,1636.89738267733,0.5789,0.00923739476183805,pO2_ca_in_ratio,49.336322070637,0.8,39.4690576565096,0.814503740786269,0.0145037407862689,good,constant_pO2_ratio_lookup,1,1,1,1,1,1,ok
bench_722A,13,722,0.3,0.586053576236497,6770.09091268401,5.62456440400802,202.6368687741,80.004253067326,310.600151893797,7716.11708731599,6881.93297068984,495.032065602897,28.5518991294621,1.17981859478096,0.00742182,0.00181629071586704,0.00423801167035644,0.00181629071586704,0.3,3000,201.909587028277,16.9708495566068,1.07262793567026,85.3352964333351,0,233.668345382384,77.4118260804037,250.639194938991,88.8525161968086,75.6,250.639194938991,0.150801738900308,37.7968264333731,0.699005980246429,83.004253067326,0,11.5,75.8,85.2,7530.96666666667,1636.89788899097,0.5789,0.00715357623649659,pO2_ca_in_ratio,49.336322070637,0.75,37.0022415529778,0.766105474568163,0.0161054745681631,review,constant_pO2_ratio_lookup,1,1,1,1,1,1,ok
bench_722A,13,722,0.35,0.582667587026279,6730.97596532758,3.63382855600832,201.833172289759,80.0271832623423,311.491984757984,7755.23203467242,6919.47027701048,495.238419521385,29.0313533825731,1.11759802478382,0.00742182,0.00214387408003885,0.00398148043435786,0.00214387408003885,0.35,3000,203.132067391053,16.8241519130736,1.07200013286156,84.6960789343254,0,233.668345382384,77.7452271544143,250.492497295457,89.1002189768095,75.6,250.492497295457,0.140205253356072,35.1203640471047,0.76021949046045,83.0271832623423,0,11.5,75.8,85.2,7530.96666666667,1636.89857940449,0.5789,0.00376758702627933,pO2_ca_in_ratio,49.336322070637,0.7,34.5354254494459,0.711856145190988,0.0118561451909881,good,constant_pO2_ratio_lookup,1,1,1,1,1,1,ok
