case_id,case_index,current_A,egr_fraction_cmd,V_cell_sim,P_stack_sim_W,pO2_stack_kPa,p_stack_internal_kPa,T_stack_C,Q_net_stack_W,Q_gen_W,Q_cool_W,Q_amb_W,Q_gas_W,lambda_O2_actual,m_bench_air_in_kg_s,m_egr_return_kg_s,m_bench_out_kg_s,m_separator_gas_kg_s,alpha_EGR_actual,dq60_speed_rpm,dq60_flow_lpm,dq60_dp_kPa,dq60_pressure_ratio,dq60_power_W,dq60_map_flow_clamped,p_dq60_in_kPa,T_dq60_in_C,p_dq60_out_kPa,T_dq60_out_C,T_ca_in_C,p_ca_in_kPa,xO2_ca_in,pO2_ca_in_kPa,RH_ca_in,T_separator_C,liquid_drain_separator_kg_s,coolant_flow_L_min,coolant_inlet_temp_C,coolant_outlet_temp_C,Q_cool_bench_signed_W,h_cool_effective_W_K,V_cell_bench,V_cell_error,condition_target,V_cell_target,V_cell_target_error,lookup_quality,study_type,oxygen_ok,thermal_ok,humidity_ok,pressure_order_ok,dq60_map_ok,normal_operation_ok,risk_label
bench_038A,1,38,0,0.795989944779641,483.961886426022,18.2062582118464,136.245223115523,61.7074477785523,-178.762725371378,278.470113573978,124.719181265611,330.370605261478,2.14305241826627,3.11058069398807,0.001071035,0,0.000690570341791254,0,0,3000,57.0499440999394,29,1.25817939016247,39.0963808647116,1,112.325,58.9,141.325,95.2217555982538,58.9,141.325,0.187025321958766,26.4313536258226,0.8,64.7074477785523,0,5.5,61.6,60.6,-383.166666666667,1160.7422968259,0.8017,-0.00571005522035872,V_cell,0.8,-0.0040100552203588,good,constant_voltage_lookup,1,1,1,1,0,1,dq60_map_extrapolation
bench_038A,1,38,0.05,0.795904899923478,483.910179153475,17.9901785832879,136.225475565244,61.7074834766303,-178.759468125632,278.521820846525,124.760456531991,330.370926479035,2.14990596113087,3.09281317281353,0.001071035,3.46440840384074e-05,0.00065823759672974,3.46440840384074e-05,0.05,3000,57.1232757728921,29,1.25817939016247,39.118500292677,1,112.325,59.0878628121951,141.325,95.4301680480052,58.9,141.325,0.185103771800265,26.1597905496725,0.809130516893904,64.7074834766303,0,5.5,61.6,60.6,-383.166666666667,1160.74079889655,0.8017,-0.00579510007652162,V_cell,0.8,-0.0040951000765217,good,constant_voltage_lookup,1,1,1,1,0,1,dq60_map_extrapolation
bench_038A,1,38,0.1,0.795811805029658,483.853577458032,17.7567581370362,136.205292406872,61.7075230200793,-178.755951152677,278.578422541968,124.806178174367,330.371282299737,2.15691322053989,3.07303448953864,0.001071035,6.95244017201552e-05,0.000625719615481397,6.95244017201552e-05,0.1,3000,57.1982983736803,29,1.25817939016247,39.1407708591739,1,112.325,59.2770092610921,141.325,95.6400045468618,58.9,141.325,0.183058808707835,25.8707861406347,0.818386168581048,64.7075230200793,0,5.5,61.6,60.6,-383.166666666667,1160.73914295072,0.8017,-0.00588819497034154,V_cell,0.8,-0.00418819497034162,good,constant_voltage_lookup,1,1,1,1,0,1,dq60_map_extrapolation
bench_038A,1,38,0.15,0.795709432451543,483.791334930538,17.5037569359147,136.184653951928,61.7075670103393,-178.752136208694,278.640665069462,124.857041639536,330.371678135778,2.16408150284308,3.05096501837253,0.001071035,0.0001046489483236,0.000593010707167067,0.0001046489483236,0.15,3000,57.2751690088439,29,1.25817939016247,39.1631977236246,1,112.325,59.4674831662507,141.325,95.8513137076476,58.9,141.325,0.180875042704103,25.5621654101573,0.82777172819922,64.7075670103393,0,5.5,61.6,60.6,-383.166666666667,1160.73730454822,0.8017,-0.00599056754845739,V_cell,0.8,-0.00429056754845747,good,constant_voltage_lookup,1,1,1,1,0,1,dq60_map_extrapolation
bench_038A,1,38,0.2,0.795596288446158,483.722543375264,17.2285284940552,136.163539122847,61.7076161800807,-178.747976776987,278.709456624736,124.913894117046,330.372120580262,2.17141870441499,3.02627297497176,0.001071035,0.000140026212495292,0.000560104849981167,0.000140026212495292,0.2,3000,57.354070450416,29,1.25817939016247,39.1857863726291,1,112.325,59.6593311259867,141.325,96.0641472259006,58.9,141.325,0.17853431785697,25.2313624711363,0.837292245743299,64.7076161800807,0,5.5,61.6,60.6,-383.166666666667,1160.73525396818,0.8017,-0.00610371155384148,V_cell,0.8,-0.00440371155384156,good,constant_voltage_lookup,1,1,1,1,0,1,dq60_map_extrapolation
bench_038A,1,38,0.25,0.795470536226655,483.646086025806,16.9279228680056,136.141925318019,61.7076714312144,-178.743415654893,278.785913974194,124.977778489679,330.372617749242,2.17893339016549,2.99856180446217,0.001071035,0.000175665220797179,0.000526995662391536,0.000175665220797179,0.25,3000,57.4352170483675,29,1.25817939016247,39.2085426519361,1,112.325,59.8526027889067,141.325,96.2785601811099,58.9,141.325,0.176015055055686,24.8753276557449,0.846953064850766,64.7076714312144,0,5.5,61.6,60.6,-383.166666666667,1160.73295469499,0.8017,-0.00622946377334488,V_cell,0.8,-0.00452946377334495,good,constant_voltage_lookup,1,1,1,1,0,1,dq60_map_extrapolation
bench_038A,1,38,0.3,0.795329890413145,483.560573371192,16.5981606059,136.119788260182,61.7077338870264,-178.738381629042,278.871426628808,125.049993617334,330.37317975087,2.1866348896457,2.96735373894289,0.001071035,0.000211575587557793,0.000493676370968184,0.000211575587557793,0.3,3000,57.5188624053454,29,1.25817939016247,39.231472803106,1,112.325,60.0473511652928,141.325,96.4946113821617,58.9,141.325,0.173291397343821,24.4904067296155,0.856759838923668,64.7077338870264,0,5.5,61.6,60.6,-383.166666666667,1160.73036134606,0.8017,-0.00637010958685502,V_cell,0.8,-0.0046701095868551,good,constant_voltage_lookup,1,1,1,1,0,1,dq60_map_extrapolation
bench_038A,1,38,0.35,0.795171469532402,483.4642534757,16.2346667861866,136.097101825761,61.707804965031,-178.732784810814,278.9677465243,125.132178577037,330.373819340975,2.19453341710145,2.93206809694724,0.001071035,0.000247767570800241,0.000460139774343305,0.000247767570800241,0.35,3000,57.6053094656206,29,1.25817939016247,39.2545835059648,1,112.325,60.2436329876642,141.325,96.7123637673416,58.9,141.325,0.170332084860849,24.0721818929595,0.866718545495695,64.707804965031,0,5.5,61.6,60.6,-383.166666666667,1160.72741678491,0.8017,-0.00652853046759794,V_cell,0.8,-0.00482853046759801,good,constant_voltage_lookup,1,1,1,1,0,1,dq60_map_extrapolation
bench_038A,1,38,0.4,0.794991585509108,483.354883989538,15.8318495755015,136.073837852399,61.7078864809298,-178.726509944114,279.077116010462,125.226432870887,330.374552858567,2.20264022512222,2.89199225556441,0.001071035,0.000284252135144871,0.000426378202717306,0.000284252135144871,0.4,3000,57.6949239624492,29,1.25817939016247,39.2778819283722,1,112.325,60.4415091334676,141.325,96.9318848732613,58.9,141.325,0.167098953908386,23.6152596611026,0.87683549712039,64.7078864809298,0,5.5,61.6,60.6,-383.166666666667,1160.72404801414,0.8017,-0.00670841449089177,V_cell,0.8,-0.00500841449089184,good,constant_voltage_lookup,1,1,1,1,0,1,dq60_map_extrapolation
bench_038A,1,38,0.45,0.794785435928198,483.229545044345,15.38280038213,136.049965921594,61.7079808005584,-178.719406566734,279.202454955655,125.33549212215,330.375401593157,2.21096780708247,2.84624224034064,0.001071035,0.000321041022725632,0.000392383472220217,0.000321041022725632,0.45,3000,57.7881526168572,29,1.25817939016247,39.3013757855102,1,112.325,60.6410451286195,141.325,97.1532473934814,58.9,141.325,0.163544904829014,23.1129836749604,0.887117346065881,64.7079808005584,0,5.5,61.6,60.6,-383.166666666667,1160.7201601954,0.8017,-0.00691456407180169,V_cell,0.8,-0.00521456407180176,good,constant_voltage_lookup,1,1,1,1,0,1,dq60_map_extrapolation
bench_038A,1,38,0.5,0.794546641511257,483.084358038844,14.8788811756857,136.025453113402,61.7080910738661,-178.711280750974,279.347641961156,125.462998644044,330.37639389041,2.21953017767554,2.79370833094453,0.001071035,0.00035814683329336,0.00035814683329336,0.00035814683329336,0.5,3000,57.8855481857766,29,1.25817939016247,39.3250734122468,1,112.325,60.8423117620992,141.325,97.3765298603336,58.9,141.325,0.159611105411227,22.5570394722417,0.897571078599509,64.7080910738661,0,5.5,61.6,60.6,-383.166666666667,1160.71562763289,0.8017,-0.00715335848874332,V_cell,0.8,-0.0054533584887434,good,constant_voltage_lookup,1,1,1,1,0,1,dq60_map_extrapolation
bench_152A,4,152,0,0.74303041406939,1807.04996701676,16.0454517865857,159.729309196117,66.5729018811831,85.6228113017185,1242.67803298324,777.96855124297,374.154404474422,4.93226596413298,1.91058396562394,0.00208173,0,0.00163718308375014,0,0,3000,87.4508306362743,28.2549169363726,1.19735210269675,60.0430311917013,0,143.170083066148,63.8,171.42500000252,92.4993556529828,63.8,171.42500000252,0.192101706810776,32.9310350905214,0.600000000008821,69.5729018811831,0,6,65.9,69.3,1421.2,1156.13965869008,0.7338,0.00923041406938985,V_cell,0.75,-0.00696958593061014,good,constant_voltage_lookup,1,1,1,1,1,1,ok
bench_152A,4,152,0.05,0.742767707817978,1806.41106541332,15.5160380437637,159.618357319061,66.5733997788133,85.6491768321695,1243.31693458668,778.544285498187,374.158885025783,4.96458723053829,1.88653339534896,0.00208173,8.23979552383625e-05,0.00156556114952889,8.23979552383625e-05,0.05,3000,87.6685651759087,28.2331434824091,1.19720002166489,60.0402788365126,0,143.170083066148,64.0285125265716,171.403226548557,92.7265526093896,63.8,171.403226548557,0.187907970778899,32.2080324856952,0.62434227461738,69.5733997788133,0,6,65.9,69.3,1421.2,1156.13979985293,0.7338,0.00896770781797784,V_cell,0.75,-0.00723229218202215,good,constant_voltage_lookup,1,1,1,1,1,1,ok
bench_114A,3,114,0.1,0.75715310481623,1381.0472631848,15.9713009583899,150.497228631937,64.8757041745179,-6.75601442604106,906.248736815196,550.153383480742,358.88147269095,3.96989506954518,2.12227802883517,0.00194381,0.0001420393305776,0.0012783539751984,0.0001420393305776,0.1,3000,87.8118341299766,28.2188165870023,1.2120609464102,59.776593374468,0,133.069370219716,62.7074324758138,161.288186806718,93.3067180991671,62.3,161.288186806718,0.185254995329581,29.8794422935952,0.640324997347501,67.8757041745179,0,6,64.4,66.3,794.199999999996,1156.503165099,0.7504,0.00675310481623037,V_cell,0.75,0.00715310481623033,good,constant_voltage_lookup,1,1,1,1,1,1,ok
bench_114A,3,114,0.15,0.75691986706506,1380.62183752667,15.4890245589683,150.406965391548,64.8760346868246,-6.73763483186739,906.674162473331,550.535562712235,358.884446934118,3.99178765884492,2.09473824383133,0.00194381,0.00021424260265511,0.00121404141504562,0.00021424260265511,0.15,3000,88.0061515983024,28.1993848401698,1.21191491921551,59.7749518301897,0,133.069370219716,62.9145802545664,161.268755059886,93.5130255810845,62.3,161.268755059886,0.18136932040747,29.2492045081702,0.661280540853548,67.8760346868246,0,6,64.4,66.3,794.199999999996,1156.50304053378,0.7504,0.0065198670650598,V_cell,0.75,0.00691986706505976,good,constant_voltage_lookup,1,1,1,1,1,1,ok
bench_114A,3,114,0.2,0.756654627243888,1380.13804009285,14.9560181576702,150.312955748338,64.8764122037974,-6.71663066709297,907.157959907148,550.97209452822,358.88784416679,4.01465187923097,2.06348688270163,0.00194381,0.000287300872336593,0.00114920348934637,0.000287300872336593,0.2,3000,88.2083818236306,28.179161817637,1.21176294568096,59.7721317413779,0,133.069370219716,63.1242123394823,161.248532037353,93.7212140791687,62.3,161.248532037353,0.177161555559153,28.5670407673673,0.682815578953494,67.8764122037974,0,6,64.4,66.3,794.199999999996,1156.50289840707,0.7504,0.00625462724388803,V_cell,0.75,0.00665462724388799,good,constant_voltage_lookup,1,1,1,1,1,1,ok
bench_114A,3,114,0.25,0.756349586692667,1379.58164612742,14.3632401391238,150.214857110991,64.876848296066,-6.69235210071163,907.714353872576,551.476358306339,358.891768511636,4.03857915531218,2.02780856804481,0.00194381,0.000361270197265803,0.00108381059179741,0.000361270197265803,0.25,3000,88.4195412484113,28.1580458751589,1.21160426196251,59.7679570958631,0,133.069370219716,63.3364975095046,161.227416094875,93.9313622727714,62.3,161.227416094875,0.172577361858621,27.8242021289357,0.704973897424977,67.876848296066,0,6,64.4,66.3,794.199999999996,1156.50273442513,0.7504,0.00594958669266699,V_cell,0.75,0.00634958669266694,good,constant_voltage_lookup,1,1,1,1,1,1,ok
bench_114A,3,114,0.3,0.755994074057284,1378.93319108049,13.6993129690906,150.112275534421,64.8773588100721,-6.6639077736588,908.362808919513,552.066677637412,358.896362568804,4.06367648695576,1.98679615955686,0.00194381,0.00043621283719089,0.00101782995344541,0.00043621283719089,0.3,3000,88.6408720274034,28.1359127972597,1.21143793459609,59.7622099586105,0,133.069370219716,63.5516252611586,161.205283016976,94.1435480987589,62.3,161.205283016976,0.167548649312837,27.0097274315878,0.727804732789077,67.8773588100721,0,6,64.4,66.3,794.199999999996,1156.50254271839,0.7504,0.0055940740572844,V_cell,0.75,0.00599407405728436,good,constant_voltage_lookup,1,1,1,1,1,1,ok
bench_114A,3,114,0.35,0.755573042404081,1378.16522934504,12.9497099739841,150.004754490083,64.8779661071486,-6.63003761522541,909.130770654956,552.768909419358,358.90182756509,4.09007128573293,1.93928251015048,0.00194381,0.00051219814222283,0.00095122512127097,0.00051219814222283,0.35,3000,88.8739149951474,28.1126085004853,1.21126280566345,59.7546164704562,0,133.069370219716,63.7698098668868,161.181978720201,94.3578456426825,62.3,161.181978720201,0.161988834877063,26.1096809360649,0.751363700271919,67.8779661071486,0,6,64.4,66.3,794.199999999996,1156.50231502185,0.7504,0.00517304240408123,V_cell,0.75,0.00557304240408119,good,constant_voltage_lookup,1,1,1,1,1,1,ok
bench_114A,3,114,0.4,0.755064480098901,1377.2376117004,12.0955762397597,149.891760269083,64.8787029211634,-6.58889324212482,910.058388299604,553.620904528997,358.908458068335,4.11791894439632,1.88374103483255,0.00194381,0.000589303545470357,0.000883955318205536,0.000589303545470357,0.4,3000,89.1206143704383,28.0879385629562,1.21107741410799,59.744826691023,0,133.069370219716,63.9912958063782,161.157308782672,94.574320251816,62.3,161.157308782672,0.155785977071057,25.1060488108506,0.775713911191161,67.8787029211634,0,6,64.4,66.3,794.199999999996,1156.50203926794,0.7504,0.0046644800989013,V_cell,0.75,0.00506448009890126,good,constant_voltage_lookup,1,1,1,1,1,1,ok
bench_114A,3,114,0.45,0.754434659779185,1376.08881943723,11.1119764036716,149.772662691054,64.879619437319,-6.53763398573524,911.207180562767,554.680693179925,358.916705688551,4.14741568002644,1.81813720104903,0.00194381,0.000667615622498086,0.000815974649719883,0.000667615622498086,0.45,3000,89.3834720244645,28.0616527975536,1.21087987980419,59.7323848578874,0,133.069370219716,64.2163655083021,161.131023017269,94.7930210527319,62.3,161.131023017269,0.148792587473006,23.975101836912,0.800927319939457,67.879619437319,0,6,64.4,66.3,794.199999999996,1156.50169701317,0.7504,0.0040346597791846,V_cell,0.75,0.00443465977918456,good,constant_voltage_lookup,1,1,1,1,1,1,ok
bench_114A,3,114,0.5,0.753628679953735,1374.61871223561,9.96521690042039,149.646709138722,64.8807973839624,-6.47162037361198,912.677287764388,556.042779558042,358.927305888069,4.17882269188822,1.73970036330837,0.00194381,0.000747231108846693,0.000747231108846693,0.000747231108846693,0.5,3000,89.665781821991,28.0334218178009,1.21066772745309,59.7166842891402,0,133.069370219716,64.4453515404864,161.102792037517,95.0139700563668,62.3,161.102792037517,0.140810079770612,22.6848969980711,0.827086352399323,67.8807973839624,0,6,64.4,66.3,794.199999999996,1156.50125833778,0.7504,0.00322867995373477,V_cell,0.75,0.00362867995373473,good,constant_voltage_lookup,1,1,1,1,1,1,ok
bench_266A,6,266,0,0.701990270419184,2987.67059090405,15.7175998846058,184.319407170932,74.3989051619061,513.663161282309,2349.35340909595,1385.17377996359,444.579873193929,5.93659465612086,1.6661348776395,0.002868305,0,0.0025160156776436,0,0,3000,102.064156716496,26.7935843283504,1.15351725776645,66.8741025527044,0,174.531415673878,72.2,201.325000002229,95.3988563192653,72.2,201.325000002229,0.188089639653802,37.8671467037208,0.600000000006642,77.3989051619061,0,6,73.2,79.2,2508,1155.36559852775,0.7012,0.000790270419183892,V_cell,0.7,0.00199027041918398,good,constant_voltage_lookup,1,1,1,1,1,1,ok
bench_266A,6,266,0.05,0.701584831191795,2985.94504155228,14.9380093644179,184.118906682452,74.400279928312,513.731695717069,2351.07895844772,1386.76347535813,444.592244720894,5.99154265163351,1.63875045978599,0.002868305,0.000126908950682766,0.00241127006297256,0.000126908950682766,0.05,3000,102.375482123295,26.7624517876705,1.15333887990502,66.8446970045348,0,174.531415673878,72.4300392747843,201.293867461549,95.6186947081919,72.2,201.293867461549,0.182738571791532,36.7841538503174,0.626102632806914,77.400279928312,0,6,73.2,79.2,2508,1155.36671292034,0.7012,0.000384831191794666,V_cell,0.7,0.00158483119179476,good,constant_voltage_lookup,1,1,1,1,1,1,ok
bench_266A,6,266,0.1,0.701107659246418,2983.91419775275,14.063073746747,183.906236691729,74.4019055938086,513.809203395018,2353.10980224725,1388.64330412706,444.606874160209,6.05042056495851,1.60701578813952,0.002868305,0.00025617159126513,0.00230554432138617,0.00025617159126513,0.1,3000,102.703795241142,26.7296204758858,1.15315076871795,66.8119985800398,0,174.531415673878,72.664489977848,201.261036149764,95.8418022152684,72.2,201.261036149764,0.176895948531929,35.6022618922313,0.653281250931795,77.4019055938086,0,6,73.2,79.2,2508,1155.36803496083,0.7012,-9.23407535822207e-05,V_cell,0.7,0.00110765924641787,good,constant_voltage_lookup,1,1,1,1,1,1,ok
bench_266A,6,266,0.15,0.700534489148858,2981.47478581754,13.0721845215389,183.679788216609,74.4038714689955,513.894185989555,2355.54921418246,1390.91655485263,444.62456533724,6.1139080030361,1.56989738631406,0.002868305,0.00038802026016121,0.00219878147424686,0.00038802026016121,0.15,3000,103.05177945984,26.694822054016,1.15295138672282,66.7754471517805,0,174.531415673878,72.9038235249775,201.226237727894,96.0684559461448,72.2,201.226237727894,0.17046334708512,34.301698004443,0.681660655530951,77.4038714689955,0,6,73.2,79.2,2508,1155.36964756972,0.7012,-0.000665510851141859,V_cell,0.7,0.00053448914885823,good,constant_voltage_lookup,1,1,1,1,1,1,ok
bench_266A,6,266,0.2,0.699827840993745,2978.46729126938,11.9380433051107,183.437604204881,74.4063234517251,513.975154072594,2358.55670873062,1393.75198306467,444.646631562445,6.18294003091314,1.52600911542947,0.002868305,0.000522729510635562,0.00209091804254225,0.000522729510635562,0.2,3000,103.422854857769,26.657714514223,1.15273877434212,66.7343245223006,0,174.531415673878,73.1486169511543,201.189130188101,96.2989837906337,72.2,201.189130188101,0.163311478406258,32.8564942902878,0.711390710406617,77.4063234517251,0,6,73.2,79.2,2508,1155.37170488686,0.7012,-0.00137215900625554,V_cell,0.7,-0.000172159006255446,good,constant_voltage_lookup,1,1,1,1,1,1,ok
bench_266A,6,266,0.25,0.698925910489689,2974.62867504412,10.6236218364729,183.177278523402,74.4095791526315,513.943149785571,2362.39532495588,1397.51717488817,444.675933510688,6.25906677145696,1.47344668125778,0.002868305,0.000660627299958074,0.00198188189987422,0.000660627299958074,0.25,3000,103.82148898243,26.617851101757,1.15251037183755,66.6876911403271,0,174.531415673878,73.399614760589,201.149266775635,96.5338043193755,72.2,201.149266775635,0.155266483284979,31.2317392676049,0.742654192593614,77.4095791526315,0,6,73.2,79.2,2508,1155.3747200816,0.7012,-0.00227408951031105,V_cell,0.7,-0.00107408951031096,good,constant_voltage_lookup,1,1,1,1,1,1,ok
bench_266A,6,266,0.3,0.697530424335095,2968.68948597017,8.85296756907234,182.61151352162,74.414461656346,514.184213344012,2368.33451402983,1403.16300816839,444.719871222847,6.26742129458926,1.39510187693776,0.002868305,0.000792039170937464,0.00184809139885408,0.000792039170937464,0.3,3000,104.239050890097,26.5760949109903,1.15227112441836,66.6342711071248,0,174.531415673878,73.6395768864722,201.107510584868,96.7552348518985,72.2,201.107510584868,0.1462964090994,29.4213066414858,0.774766636515179,77.414461656346,0,6,73.2,79.2,2508,1155.37859992231,0.7012,-0.00366957566490467,V_cell,0.7,-0.00246957566490458,good,constant_voltage_lookup,1,1,1,1,1,1,ok
bench_266A,6,266,0.35,0.695508619341521,2960.08468391751,6.78856179099071,181.978474007396,74.4214335291262,514.661654819622,2376.93931608249,1411.22451965374,444.78260852904,6.27053308008411,1.30299753499774,0.002868305,0.000921541843011896,0.00171143485130781,0.000921541843011896,0.35,3000,104.684994220142,26.5315005779858,1.15201561550135,66.5734730718114,0,174.531415673878,73.8771952109937,201.062916251864,96.9717621287365,72.2,201.062916251864,0.136149116282781,27.37453836493,0.80810868525455,77.4214335291262,0,6,73.2,79.2,2508,1155.3838059966,0.7012,-0.00569138065847929,V_cell,0.7,-0.0044913806584792,good,constant_voltage_lookup,1,1,1,1,1,1,ok
bench_266A,6,266,0.4,0.692220542977173,2946.09063091085,4.39938456865515,181.31537122638,74.4327339564267,515.473111334728,2390.93336908915,1424.29100176269,444.884296145614,6.28495984611961,1.19641323206548,0.002868305,0.00105019465121009,0.00157529197681514,0.00105019465121009,0.4,3000,105.166751681862,26.4833248318138,1.15173958642093,66.5040822950948,0,174.531415673878,74.1154788034006,201.014740505692,97.1859738218958,72.2,201.014740505692,0.124524990243962,25.0313586003638,0.842862073687593,77.4327339564267,0,6,73.2,79.2,2508,1155.39204086762,0.7012,-0.00897945702282676,V_cell,0.7,-0.00777945702282667,good,constant_voltage_lookup,1,1,1,1,1,1,ok
bench_228A,5,228,0.45,0.704767555877344,2570.99204384055,3.70394126223853,173.875092895954,71.3659730990708,347.334104990388,2003.59995615945,1231.86973371739,417.286811209538,7.10930624213085,1.18346727244913,0.00259462,0.00107097136111747,0.00130896499692135,0.00107097136111747,0.45,3000,100.194622265298,26.9805377734702,1.16450627512203,64.3690691091357,0,164.009170795802,70.9796776980165,190.989708569272,95.664920617679,68.6,190.989708569272,0.116865093980941,22.3200302413405,0.893236912488841,74.3659730990708,0,6,70.3,75.5,2173.6,1155.62928819797,0.7102,-0.0054324441226562,V_cell,0.7,0.0047675558773439,good,constant_voltage_lookup,1,1,1,1,1,1,ok
bench_228A,5,228,0.5,0.692376615515365,2525.78989340005,0.704580183453976,173.257330529538,71.4020590414972,350.414952330494,2048.80210659995,1273.59400571925,417.611523074428,7.18162547577326,1.03492433455986,0.00259462,0.00118645890526139,0.00118645890526139,0.00118645890526139,0.5,3000,100.72571509363,26.927428490637,1.16418245613937,64.2999418521661,0,164.009170795802,71.2527870523939,190.936599286439,95.9115199859049,68.6,190.936599286439,0.101738596352069,19.4256216036399,0.932829471389228,74.4020590414972,0,6,70.3,75.5,2173.6,1155.64952308641,0.7102,-0.0178233844846348,V_cell,0.7,-0.00762338448463473,good,constant_voltage_lookup,1,1,1,1,1,1,ok
bench_494A,9,494,0,0.646347804675434,5108.73304815463,16.7852256819228,224.733377433831,78.7899127985255,586.597985728614,4802.88295184537,3712.05805926878,484.097483227015,20.129423620957,1.51113184773327,0.005066405,0,0.00419190807003271,0,0,3000,137.574560062778,23.6819079952917,1.10403086597847,81.8365985446961,0,227.643092004949,74.3,251.325000000241,90.3724322844808,74.3,251.325000000241,0.193879316668559,48.7267192617724,0.500000000000479,81.7899127985255,0,7.5,75.9,85,4754.75,1284.4879129788,0.6469,-0.000552195324565852,V_cell,0.65,-0.00365219532456584,good,constant_voltage_lookup,1,1,1,1,1,1,ok
bench_494A,9,494,0.05,0.64585949379924,5104.87343898919,15.7957463972516,224.400235911716,78.7926606413577,586.695746838624,4806.74256101081,3715.58894379623,484.122211857283,20.3356585186687,1.48568566362188,0.005066405,0.000211649746380584,0.0040213451812311,0.000211649746380584,0.05,3000,138.10104965565,23.6424212758263,1.10385740708228,81.7784209093086,0,227.643092004949,74.6129544151988,251.285513280776,90.673960808063,74.3,251.285513280776,0.187983032496661,47.2374128090002,0.538981191651076,81.7926606413577,0,7.5,75.9,85,4754.75,1284.48836710146,0.6469,-0.00104050620076035,V_cell,0.65,-0.00414050620076034,good,constant_voltage_lookup,1,1,1,1,1,1,ok
bench_494A,9,494,0.1,0.64528170273705,5100.30657843365,14.6919471664124,224.044771637305,78.7959243073062,586.817380194478,4811.30942156635,3719.78262770892,484.151582418152,20.5578312448,1.456415854805,0.005066405,0.000427690702435957,0.00384921632192361,0.000427690702435957,0.1,3000,138.65663041147,23.6007527191398,1.1036743637212,81.7142846488832,0,227.643092004949,74.9326772261731,251.243844724089,90.9810874735352,74.3,251.243844724089,0.181590488353359,45.6234924592229,0.579761243313264,81.7959243073062,0,7.5,75.9,85,4754.75,1284.48889990813,0.6469,-0.0016182972629496,V_cell,0.65,-0.00471829726294959,good,constant_voltage_lookup,1,1,1,1,1,1,ok
bench_494A,9,494,0.15,0.644582329406299,5094.77873162739,13.4498706783531,223.663756011194,78.7998900643896,586.972727938594,4816.83726837261,3724.87844989025,484.187271124948,20.7988194188201,1.42243400688562,0.005066405,0.000648607422219439,0.00367544205924349,0.000648607422219439,0.15,3000,139.24583206432,23.556562595176,1.10348024351498,81.64321279854,0,227.643092004949,75.2599838839654,251.199654600125,91.2944358593284,74.3,251.199654600125,0.174606911313646,43.8611958127826,0.622572528905874,81.7998900643896,0,7.5,75.9,85,4754.75,1284.48953828679,0.6469,-0.00231767059370069,V_cell,0.65,-0.00541767059370069,good,constant_voltage_lookup,1,1,1,1,1,1,ok
bench_494A,9,494,0.2,0.643710314455236,5087.88632545419,12.0378917060354,223.253193318856,78.8048537598517,587.178670204999,4823.72967454581,3731.2565458333,484.231940265261,21.0625182422576,1.38255051068519,0.005066405,0.000874984415723718,0.00349993766289487,0.000874984415723718,0.2,3000,139.874409130781,23.5094193151914,1.10327315056273,81.5639609883835,0,227.643092004949,75.5958943940067,251.152511320141,91.6147815808176,74.3,251.152511320141,0.166908544845832,41.9195001988211,0.667699847818662,81.8048537598517,0,7.5,75.9,85,4754.75,1284.49032354174,0.6469,-0.00318968554476373,V_cell,0.65,-0.00628968554476372,good,constant_voltage_lookup,1,1,1,1,1,1,ok
bench_494A,9,494,0.25,0.642577993547793,5078.93646100175,10.4132481635754,222.808055357829,78.8113219266672,587.467121201843,4832.67953899825,3739.56775349847,484.290147997581,21.3545163003503,1.3351329989222,0.005066405,0.00110753779516969,0.00332261338550906,0.00110753779516969,0.25,3000,140.549844690434,23.4587616482175,1.10305061946579,81.4749106091108,0,227.643092004949,75.9417306918687,251.101853653167,91.9431286841601,74.3,251.101853653167,0.158329897186721,39.7569306723009,0.715498465027952,81.8113219266672,0,7.5,75.9,85,4754.75,1284.49132308064,0.6469,-0.00432200645220737,V_cell,0.65,-0.00742200645220736,good,constant_voltage_lookup,1,1,1,1,1,1,ok
bench_494A,9,494,0.3,0.641017309566998,5066.60081481756,8.51644049463266,222.321895190108,78.8202648457851,587.902173135759,4845.01518518245,3751.05876643593,484.370625568603,21.6836200421537,1.27787532087851,0.005066405,0.00134716065235725,0.00314337485550025,0.00134716065235725,0.3,3000,141.282158780482,23.4038380914639,1.1028093489916,81.37390526571,0,227.643092004949,76.2993067691342,251.046930096413,92.280867652222,74.3,251.046930096413,0.148643320333649,37.3164492491002,0.766421288897737,81.8202648457851,0,7.5,75.9,85,4754.75,1284.49266231791,0.6469,-0.00588269043300171,V_cell,0.65,-0.00898269043300171,good,constant_voltage_lookup,1,1,1,1,1,1,ok
bench_418A,8,418,0.35,0.656788492441982,4392.60143745198,6.38152724778326,214.428534593143,77.6360912717537,691.723791734945,3994.15056254802,2815.48067383478,473.710986969948,13.2351100083451,1.22534520856345,0.00429707,0.00138415779485732,0.00257057876187789,0.00138415779485732,0.35,3000,127.260272366975,24.4554795724769,1.11290754911145,75.5827719301049,0,216.597382238258,76.4760385169578,241.052861810735,93.9779033315664,74.5,241.052861810735,0.134362039315382,32.3883540956993,0.866534454726996,80.6360912717537,0,6.5,75.2,83.8,3894.36666666666,1155.73694076248,0.666,-0.00921150755801792,V_cell,0.65,0.0067884924419821,good,constant_voltage_lookup,1,1,1,1,1,1,ok
bench_418A,8,418,0.4,0.651807621747351,4359.28937424628,3.32721266846127,213.353349539574,77.6622969282388,694.430102236083,4027.46262575372,2845.77968702048,473.946783752105,13.3060527450501,1.11756863213811,0.00429707,0.00157708658862301,0.00236562988293452,0.00157708658862301,0.4,3000,127.934774239664,24.4048919320252,1.11267399300874,75.493706247503,0,216.597382238258,76.7610815348184,241.002274170283,94.2423223964188,74.5,241.002274170283,0.12199737945572,29.4016458916436,0.912295336500386,80.6622969282388,0,6.5,75.2,83.8,3894.36666666666,1155.74188246091,0.666,-0.0141923782526492,V_cell,0.65,0.00180762174735083,good,constant_voltage_lookup,1,1,1,1,1,1,ok
bench_266A,6,266,0.45,0.684585544133682,2913.59607583295,1.59961083709149,180.622123849274,74.4586970733029,517.659482615217,2423.42792416705,1454.31086218057,445.117920470074,6.33965890118299,1.07145212268066,0.002868305,0.00117795083966984,0.0014397176929298,0.00117795083966984,0.45,3000,105.693771226803,26.4306228773197,1.15143762385281,66.424720642829,0,174.531415673878,74.3591574808315,200.962038551198,97.4021216690367,72.2,200.962038551198,0.111040596186059,22.3149445714908,0.879191666737085,77.4586970733029,0,6,73.2,79.2,2508,1155.40974315951,0.7012,-0.0166144558663178,V_cell,0.65,0.0345855441336822,coarse_grid,constant_voltage_lookup,1,1,1,1,1,1,ok
bench_266A,6,266,0.5,0.624980755860502,2659.91809694229,4.5188808181714e-07,180.141095125713,74.6659805705644,529.179736744329,2677.10590305771,1693.99771111382,446.983241540345,6.94521365921053,0.956132351164638,0.002868305,0.00131321248745177,0.00131321248745177,0.00131321248745177,0.5,3000,106.259572790813,26.3740427209187,1.15111344063237,66.3547873721714,0,174.531415673878,74.7019786666959,200.905458394797,97.7206827626382,72.2,200.905458394797,0.0986589709835339,19.8211257902058,0.918642288381065,77.6659805705644,0,6,73.2,79.2,2508,1155.53899221297,0.7012,-0.0762192441394985,V_cell,0.65,-0.0250192441394985,coarse_grid,constant_voltage_lookup,0,1,1,1,1,0,oxygen_limit
bench_684A,12,684,0,0.602189381427804,6590.36059034588,13.9553557854298,210.20326787905,79.6033842082796,316.997922420086,7133.41540965412,6299.81356118821,491.424117916068,25.1798081297538,1.41825458093979,0.00702961,0,0.00546072220032185,0,0,3000,186.61085453811,18.8066974554268,1.08091745462349,89.2587644376664,0,232.418302613882,75.3,251.225000069309,87.9343696140686,75.3,251.225000069309,0.196463743238193,49.3566039086316,0.400000000110353,82.6033842082796,0,11.1,75.7,85,7191.69,1613.93632423511,0.5902,0.0119893814278038,V_cell,0.6,0.00218938142780378,good,constant_voltage_lookup,1,1,1,1,1,1,ok
bench_684A,12,684,0.05,0.601602499787223,6583.93775767137,12.9696910921139,209.721371434414,79.6071515659957,317.082946961064,7139.83824232863,6305.89462915412,491.458022435022,25.4026437784215,1.39191052811679,0.00702961,0.000275254492598332,0.00522983535936831,0.000275254492598332,0.05,3000,187.375569966602,18.7149316040077,1.08052262405125,88.9079542109898,0,232.418302613882,75.5860951033783,251.13323421789,88.1708083492891,75.3,251.13323421789,0.19037467922862,47.8094089078766,0.443354595364702,82.6071515659957,0,11.1,75.7,85,7191.69,1613.9365270687,0.5902,0.011402499787223,V_cell,0.6,0.00160249978722293,good,constant_voltage_lookup,1,1,1,1,1,1,ok
bench_684A,12,684,0.1,0.600905471072744,6576.30947542011,11.883157616598,209.208185120761,79.6116369413416,317.189781199879,7147.46652457989,6313.13466279064,491.498388676451,25.6436919129119,1.36221430154836,0.00702961,0.000555245674609164,0.00499721107148247,0.000555245674609164,0.1,3000,188.182280877263,18.6181262947285,1.08010611077243,88.5343577617475,0,232.418302613882,75.8774676812565,251.03642890861,88.4092992224297,75.3,251.03642890861,0.183821130530535,46.1458001663291,0.488739685286301,82.6116369413416,0,11.1,75.7,85,7191.69,1613.93676291066,0.5902,0.0107054710727444,V_cell,0.6,0.000905471072744413,good,constant_voltage_lookup,1,1,1,1,1,1,ok
bench_684A,12,684,0.15,0.600057537220808,6567.02968734452,10.6768317858131,208.659391685212,79.6171070130783,317.328022272909,7156.74631265548,6321.96410789865,491.547616557259,25.9065659266652,1.32847401163123,0.00702961,0.000840484946072606,0.00476274802774477,0.000840484946072606,0.15,3000,189.037045974537,18.5155544830556,1.07966478661457,88.1346749459204,0,232.418302613882,76.1747767159492,250.933857096938,88.6500340881278,75.3,250.933857096938,0.176724275372868,44.3461040619751,0.536403748697554,82.6171070130783,0,11.1,75.7,85,7191.69,1613.93704251406,0.5902,0.00985753722080762,V_cell,0.6,5.75372208075908e-05,good,constant_voltage_lookup,1,1,1,1,1,1,ok
bench_684A,12,684,0.2,0.598992480549439,6555.37370713306,9.32635675141134,208.069705056872,79.6239948817279,317.514277348451,7168.40229286694,6333.08202774009,491.609603650004,26.1963841284023,1.28978779595792,0.00702961,0.00113158374279314,0.00452633497117255,0.00113158374279314,0.2,3000,189.947423193645,18.4063092167626,1.07919474933668,87.7047934766343,0,232.418302613882,76.4788609692581,250.824611830645,88.8932696235834,75.3,250.824611830645,0.168983782314252,42.3852916046464,0.586648264188716,82.6239948817279,0,11.1,75.7,85,7191.69,1613.9373823422,0.5902,0.00879248054943871,V_cell,0.6,-0.00100751945056132,good,constant_voltage_lookup,1,1,1,1,1,1,ok
bench_684A,12,684,0.25,0.597592784684571,6540.05543558794,7.79974006044252,207.432559985659,79.6330684001006,317.780508178095,7183.72056441206,6347.72779689412,491.691259990742,26.5209993491003,1.24495547546618,0.00702961,0.00142928298719113,0.00428784896157338,0.00142928298719113,0.25,3000,190.923038565118,18.2892353721859,1.07869102891854,87.2394895045232,0,232.418302613882,76.7908426426204,250.707537986068,89.139388606558,75.3,250.707537986068,0.160469379942666,40.2308831675768,0.639844937579491,82.6330684001006,0,11.1,75.7,85,7191.69,1613.93780914966,0.5902,0.00739278468457094,V_cell,0.6,-0.00240721531542909,good,constant_voltage_lookup,1,1,1,1,1,1,ok
bench_684A,12,684,0.3,0.595620327386123,6518.46886291373,6.05393864015648,206.739681000819,79.6458800977847,318.199181255797,7205.30713708627,6368.40729158772,491.806556896437,26.894107346322,1.19234027560038,0.00702961,0.00173449367569166,0.00404715190994722,0.00173449367569166,0.3,3000,191.976491640414,18.1628210031503,1.07814712007997,86.731967664611,0,232.418302613882,77.1123596742988,250.581123617032,89.3890671072747,75.3,250.581123617032,0.151007935486256,37.8397381492343,0.696461321321148,82.6458800977847,0,11.1,75.7,85,7191.69,1613.93836958276,0.5902,0.00542032738612264,V_cell,0.6,-0.00437967261387739,good,constant_voltage_lookup,1,1,1,1,1,1,ok
bench_646A,11,646,0.35,0.601861359781145,6220.83901469791,4.47481230299732,209.688441000666,79.5595515046962,316.630913990458,6740.50498530209,5906.21338749545,491.029630923986,26.6310528921899,1.14376121021577,0.00665464,0.00195362375820949,0.00362815840810333,0.00195362375820949,0.35,3000,183.348043833124,19.1982347400251,1.08293267613229,87.0375692905322,0,231.491803175409,77.2897221553444,250.690037915434,90.3038816827935,75.1,250.690037915434,0.140626748886271,35.2537250102236,0.752792705532051,82.5595515046962,0,10,75.9,85.4,6618.33333333333,1613.9172737195,0.6019,-3.86402188550239e-05,V_cell,0.6,0.00186135978114499,good,constant_voltage_lookup,1,1,1,1,1,1,ok
bench_646A,11,646,0.4,0.595863542353726,6158.84557376811,2.05104227332676,208.894368589948,79.596236942515,318.498273463137,6802.49842623189,5965.42533675092,491.359762517166,27.2150535006642,1.06684266871487,0.00665464,0.00226357575460885,0.00339536363191328,0.00226357575460885,0.4,3000,184.540932854188,19.0550880574974,1.08231431003654,86.4952561219791,0,231.491803175409,77.6496092848453,250.546891232906,90.5826802645911,75.1,250.546891232906,0.12841679334545,32.1744283548012,0.817385456983518,82.596236942515,0,10,75.9,85.4,6618.33333333333,1613.91854189193,0.6019,-0.00603645764627392,V_cell,0.6,-0.00413645764627391,good,constant_voltage_lookup,1,1,1,1,1,1,ok
bench_342A,7,342,0.45,0.604410910315303,3307.33650124534,4.54397010379214e-07,195.866209991305,76.5970902481867,658.465750669516,3554.55149875466,2423.52276081567,464.360642918667,8.20234435081282,0.991842926876088,0.003514805,0.0014422554406075,0.00176275664963139,0.0014422554406075,0.45,3000,116.50537114741,25.349462885259,1.1296330239233,70.5824704971947,0,195.547879067128,76.4140224499666,220.897341952387,96.3955901123423,74.2,220.897341952387,0.107641764392717,23.7777796374162,0.910759579879315,79.5970902481867,0,6,74.5,82.8,3469.4,1155.65973515505,0.6826,-0.078189089684697,V_cell,0.6,0.00441091031530305,good,constant_voltage_lookup,0,1,1,1,1,0,oxygen_limit
bench_342A,7,342,0.5,0.604338651105445,3306.94109884899,4.54421339398087e-07,195.41903264175,76.6158161714759,636.841735226047,3554.94690115101,2445.23423902007,464.529608708578,8.34131819631254,0.908115489898281,0.003514805,0.00161721212863627,0.00161721212863627,0.00161721212863627,0.5,3000,117.078680951984,25.2921319048016,1.1293398426281,70.4853915897588,0,195.547879067128,76.6912390204571,220.840010971929,96.6453240976548,74.2,220.840010971929,0.0981502458957158,21.6755013805074,0.953544774736971,79.6158161714759,0,6,74.5,82.8,3469.4,1155.69314195874,0.6826,-0.0782613488945554,V_cell,0.6,0.00433865110544462,good,constant_voltage_lookup,0,1,1,1,1,0,oxygen_limit
